MIC,COUNTRY,ISO COUNTRY CODE (ISO 3166),OPERATING MIC,O/S,NAME-INSTITUTION DESCRIPTION,ACRONYM,CITY,STATUS DATE
360T,GERMANY,DE,360T,O,360T,,FRANKFURT,SEPTEMBER 2007
AATS,UNITED STATES OF AMERICA,US,AATS,O,ASSENT ATS,,JERSEY CITY,OCTOBER 2011
ACEX,INDIA,IN,ACEX,O,ACE DERIVATIVES & COMMODITY EXCHANGE LTD,,MUMBAI,APRIL 2011
AFET,THAILAND,TH,AFET,O,AGRICULTURAL FUTURES EXCHANGE OF THAILAND,,BANGKOK,JANUARY 2008
AIXE,SWITZERLAND,CH,AIXE,O,AIXECUTE,,BERNE,OCTOBER 2013
ALDP,UNITED STATES OF AMERICA,US,XNYS,S,NYSE ALTERNEXT DARK,AMEXDARK,NEW YORK,MAY 2011
ALTX,SOUTH AFRICA,ZA,XJSE,S,JSE ALTERNATE EXCHANGE,ALTX,JOHANNESBURG,APRIL 2015
ALXA,THE NETHERLANDS,NL,XAMS,S,EURONEXT - ALTERNEXT AMSTERDAM,,AMSTERDAM,MAY 2015
ALXB,BELGIUM,BE,XBRU,S,EURONEXT - ALTERNEXT BRUSSELS,,BRUSSELS,APRIL 2015
ALXL,PORTUGAL,PT,XLIS,S,EURONEXT - ALTERNEXT LISBON,,LISBON,APRIL 2015
ALXP,FRANCE,FR,XPAR,S,EURONEXT - ALTERNEXT PARIS,,PARIS,APRIL 2015
AMTS,UNITED KINGDOM,GB,XMTS,S,MTS NETHERLANDS,,LONDON,FEBRUARY 2011
AMXO,UNITED STATES OF AMERICA,US,XNYS,S,NYSE AMEX OPTIONS,NYSE,NEW YORK,NOVEMBER 2008
APXL,AUSTRALIA,AU,APXL,O,ASIA PACIFIC EXCHANGE LIMITED,,SYDNEY,AUGUST 2011
AQUA,UNITED STATES OF AMERICA,US,AQUA,O,AQUA EQUITIES L.P.,,NEW YORK,SEPTEMBER 2008
AQXE,UNITED KINGDOM,GB,AQXE,O,AQUIS EXCHANGE,AQX,LONDON,JULY 2013
ARCD,UNITED STATES OF AMERICA,US,XNYS,S,ARCA DARK,ARCADARK,NEW YORK,MAY 2011
ARCO,UNITED STATES OF AMERICA,US,XNYS,S,NYSE ARCA OPTIONS,,NEW YORK,OCTOBER 2009
ARCX,UNITED STATES OF AMERICA,US,XNYS,S,NYSE ARCA,NYSE,NEW YORK,SEPTEMBER 2006
ASEX,GREECE,GR,ASEX,O,ATHENS STOCK EXCHANGE,ASE,ATHENS,JULY 2012
ASXB,AUSTRALIA,AU,XASX,S,ASX BOOKBUILD,ASX,SYDNEY,OCTOBER 2012
ASXC,AUSTRALIA,AU,XASX,S,ASX - CENTER POINT,ASX,SYDNEY,AUGUST 2011
ASXP,AUSTRALIA,AU,XASX,S,ASX - PUREMATCH,ASX,SYDNEY,AUGUST 2011
ASXT,AUSTRALIA,AU,XASX,S,ASX TRADEMATCH,ASX,SYDNEY,MAY 2012
ASXV,AUSTRALIA,AU,XASX,S,ASX - VOLUMEMATCH,ASX,SYDNEY,AUGUST 2011
ATDF,UNITED STATES OF AMERICA,US,ATDF,O,"AUTOMATED TRADING DESK FINANCIAL SERVICES, LLC",ATDF,MOUNT PLEASANT,JANUARY 2015
AUTO,GERMANY,DE,DBOX,S,AUTOBAHN FX,,FRANKFURT,OCTOBER 2012
AWBX,AUSTRALIA,AU,AWBX,O,AUSTRALIAN WHEAT BOARD,AWB,MELBOURNE,SEPTEMBER 2006
AWEX,AUSTRALIA,AU,AWEX,O,AUSTRALIAN WOOL EXCHANGE,AWEX,LANE COVE,SEPTEMBER 2006
BACE,ARGENTINA,AR,BACE,O,BOLSA DE CEREALES DE BUENOS AIRES,,BUENOS AIRES,JANUARY 2011
BAJM,BARBADOS,BB,XBAB,S,BARBADOS STOCK EXCHANGE - JUNIOR MARKET,BSE,BRIDGETOWN,MARCH 2013
BALT,UNITED KINGDOM,GB,BALT,O,THE BALTIC EXCHANGE,,LONDON,NOVEMBER 2008
BAML,UNITED STATES OF AMERICA,US,BAML,O,BANK OF AMERICA - MERRILL LYNCH INSTINCT X ATS,MLIX,NEW YORK,FEBRUARY 2015
BAPX,LITHUANIA,LT,BAPX,O,BALTPOOL,,VILNIUS,MARCH 2010
BARD,UNITED STATES OF AMERICA,US,BARX,S,BARCLAYS FX – TRADING,BCAP LX,NEW YORK,AUGUST 2012
BARL,UNITED STATES OF AMERICA,US,BARX,S,BARCLAYS LIQUID MARKETS,,NEW YORK,MARCH 2013
BARX,UNITED STATES OF AMERICA,US,BARX,O,BARCLAYS ATS,,NEW YORK,MARCH 2013
BATD,UNITED KINGDOM,GB,BCXE,S,BATS CHI-X EUROPE -BXE DARK ORDER BOOK,BATS DARK,LONDON,APRIL 2013
BATE,UNITED KINGDOM,GB,BCXE,S,BATS CHI-X EUROPE -BXE ORDER BOOKS,BATS CHI-X,LONDON,APRIL 2013
BATF,UNITED KINGDOM,GB,BCXE,S,BATS CHI-X EUROPE – BATS OFF-BOOK,BATS OFF-BOOK,LONDON,APRIL 2013
BATO,UNITED STATES OF AMERICA,US,BATS,S,BZX OPTIONS MARKET,BATO,LENEXA,JUNE 2015
BATP,UNITED KINGDOM,GB,BCXE,S,BATS CHI-X EUROPE - BXE PERIODIC,,LONDON,JULY 2015
BATS,UNITED STATES OF AMERICA,US,BATS,O,BATS Z-EXCHANGE,BATS,LENEXA,JUNE 2015
BATY,UNITED STATES OF AMERICA,US,BATS,S,"BATS Y-EXCHANGE, INC.",BYXX,LENEXA,JUNE 2015
BBSF,UNITED STATES OF AMERICA,US,BBSF,O,BLOOMBERG SEF LLC,,NEW YORK,JULY 2014
BCDX,UNITED STATES OF AMERICA,US,BARX,S,BARCLAYS DIRECT EX ATS,BCDX,NEW YORK,AUGUST 2014
BCFS,ARGENTINA,AR,BCFS,O,BOLSA DE COMERCIO DE SANTA FE,,SANTA FE,NOVEMBER 2007
BCMM,BRAZIL,BR,BCMM,O,BOLSA DE CEREAIS E MERCADORIAS DE MARINGÁ,,MARINGA,MARCH 2013
BCSE,BELARUS,BY,BCSE,O,BELARUS CURRENCY AND STOCK EXCHANGE,BCSE,MINSK,AUGUST 2006
BCXE,UNITED KINGDOM,GB,BCXE,O,BATS  CHI-X EUROPE,,LONDON,APRIL 2013
BEEX,THAILAND,TH,BEEX,O,BOND ELECTRONIC EXCHANGE,,BANGKOK,NOVEMBER 2007
BERA,GERMANY,DE,XBER,S,BOERSE BERLIN - REGULIERTER MARKT,,BERLIN,FEBRUARY 2008
BERB,GERMANY,DE,XBER,S,BOERSE BERLIN - FREIVERKEHR,,BERLIN,FEBRUARY 2008
BERC,GERMANY,DE,XBER,S,BOERSE BERLIN - BERLIN SECOND REGULATED MARKET,,BERLIN,AUGUST 2010
BETA,HUNGARY,HU,BETA,O,BETA MARKET,,BUDAPEST,DECEMBER 2011
BETP,JAPAN,JP,BETP,O,BLOOMBERG TRADEBOOK JAPAN LIMITED,,CHIYODA-KU,JULY 2015
BFEX,BAHRAIN,BH,BFEX,O,BAHRAIN FINANCIAL EXCHANGE,,MANAMA,OCTOBER 2010
BGCB,UNITED KINGDOM,GB,BGCI,S,BGC BROKERS LP - TRAYPORT,,LONDON,FEBRUARY 2014
BGCD,UNITED STATES OF AMERICA,US,BGCF,S,BGC DERIVATIVE MARKETS L.P.,BGCDML,NEW YORK,MARCH 2015
BGCF,UNITED STATES OF AMERICA,US,BGCF,O,BGC FINANCIAL INC,,NEW YORK,SEPTEMBER 2007
BGCI,UNITED KINGDOM,GB,BGCI,O,BGC BROKERS LP,,LONDON,OCTOBER 2007
BIDS,UNITED STATES OF AMERICA,US,BIDS,O,BIDS TRADING L.P.,BIDS,NEW YORK,FEBRUARY 2007
BLBF,BOSNIA AND HERZEGOVINA,BA,XBLB,S,BANJA LUKA STOCK EXCHANGE - FREE MARKET,BLSE,BANJA LUKA,MARCH 2013
BLEV,AUSTRALIA,AU,BLEV,O,BLOCK EVENT,,MELBOURNE,APRIL 2015
BLNK,UNITED KINGDOM,GB,CHEV,S,BLINK MTF,,LONDON,SEPTEMBER 2009
BLOX,UNITED KINGDOM,GB,BLOX,O,BLOCKMATCH,,LONDON,NOVEMBER 2007
BLPX,BELGIUM,BE,BLPX,O,BELGIAN POWER EXCHANGE,BLPX,BRUSSELS,NOVEMBER 2007
BLTD,UNITED STATES OF AMERICA,US,BLTD,O,BLOOMBERG TRADEBOOK LLC,,NEW YORK,NOVEMBER 2007
BLTX,UNITED KINGDOM,GB,BALT,S,BALTEX - FREIGHT DERIVATIVES MARKET,,LONDON,JULY 2013
BMCL,SPAIN,ES,BMEX,S,BME CLEARING S.A.,,MADRID,OCTOBER 2013
BMEX,SPAIN,ES,BMEX,O,BME - BOLSAS Y MERCADOS ESPANOLES,BME,MADRID,AUGUST 2012
BMFA,ROMANIA,RO,BMFX,S,BMFMS-ATS,,SIBIU,OCTOBER 2010
BMFM,ROMANIA,RO,BMFX,S,DERIVATIVES REGULATED MARKET - BMFMS,BMFMS,SIBIU,MAY 2010
BMFX,ROMANIA,RO,BMFX,O,SIBIU MONETARY- FINANCIAL AND COMMODITIES EXCHANGE,,SIBIU,JULY 2010
BMTF,UNITED KINGDOM,GB,BMTF,O,BLOOMBERG TRADING FACILITY LIMITED,,LONDON,JUNE 2015
BMTS,BELGIUM,BE,BMTS,O,MTS BELGIUM,,BRUSSELS,NOVEMBER 2005
BNDD,UNITED STATES OF AMERICA,US,BNDD,O,BONDDESK,,MILL VALLEY,AUGUST 2007
BNYC,UNITED STATES OF AMERICA,US,BNYC,O,CONVERGEX,,NEW YORK,DECEMBER 2012
BOAT,UNITED KINGDOM,GB,BOAT,O,CINNOBER BOAT,,LONDON,SEPTEMBER 2014
BOND,ITALY,IT,MTSC,S,BONDVISION,,ROMA,NOVEMBER 2005
BOSC,UNITED KINGDOM,GB,BOSC,O,BONDSCAPE,,LONDON,NOVEMBER 2007
BOSD,UNITED STATES OF AMERICA,US,XNAS,S,NASDAQ OMX BX DARK,NQBXDARK,NEW YORK,APRIL 2012
BOSP,POLAND,PL,XWAR,S,WARSAW STOCK EXCHANGE/BONDS/CATALYST/BONDSPOT/MTF,,WARSAW,AUGUST 2013
BOTC,UNITED KINGDOM,GB,BCXE,S,BATS CHI-X EUROPE -OFF EXCHANGE REPORTS,BATS CHI-X OFF EXCHANGE,LONDON,AUGUST 2013
BOTE,BOTSWANA,BW,XBOT,S,BOTSWANA STOCK EXCHANGE - EXCHANGE TRADED FUNDS (ETF),BOT,GABORONE,MARCH 2013
BOTV,BOTSWANA,BW,XBOT,S,BOTSWANA STOCK EXCHANGE - VENTURE CAPITAL,BOT,GABORONE,MARCH 2013
BOVA,CHILE,CL,BOVA,O,BOLSA DE CORREDORES - BOLSA DE VALORES,,VALPARAISO,DECEMBER 2010
BOVM,BRAZIL,BR,BOVM,O,BOLSA DE VALORES MINAS-ESPÍRITO SANTO-BRASÍLIA,,ESPIRITO SANTO,MARCH 2013
BPOL,UNITED STATES OF AMERICA,US,BLTD,S,BLOOMBERG BPOOL,,NEW YORK,DECEMBER 2012
BRIX,BRAZIL,BR,BRIX,O,BRAZILIAN ENERGY EXCHANGE,,SAO PAULO,MAY 2011
BRNX,UNITED KINGDOM,GB,BRNX,O,BERNSTEIN CROSS (BERN-X),BERN-X,LONDON,MAY 2014
BSEX,AZERBAIJAN,AZ,BSEX,O,BAKU STOCK EXCHANGE,,BAKU,SEPTEMBER 2007
BSME,INDIA,IN,XBOM,S,BSE SME,BSE SME,MUMBAI,DECEMBER 2011
BTEC,UNITED STATES OF AMERICA,US,BTEC,O,ICAP ELECTRONIC BROKING (US),,JERSEY CITY,JUNE 2007
BTEE,UNITED KINGDOM,GB,ICAP,S,BROKERTEC,,LONDON,DECEMBER 2013
BURG,NORWAY,NO,XOSL,S,BURGUNDY NORDIC MTF,,OSLO,JUNE 2013
BURM,NORWAY,NO,XOSL,S,BURGUNDY REGULATED MARKET,,OSLO,JUNE 2013
BVCA,VENEZUELA,VE,BVCA,O,CARACAS STOCK EXCHANGE,BVCC,CARACAS,APRIL 2014
BVMF,BRAZIL,BR,BVMF,O,"BM&FBOVESPA S.A. - BOLSA DE VALORES, MERCADORIAS E FUTUROS",,SAO PAULO,APRIL 2010
BVUK,UNITED KINGDOM,GB,XMTS,S,BONDVISION UK,,LONDON,JULY 2014
BVUR,URUGUAY,UY,BVUR,O,BOLSA ELECTRONICA DE VALORES DEL URUGUAY,,MONTEVIDEO,DECEMBER 2009
BVUS,UNITED STATES OF AMERICA,US,MTUS,S,BONDVISION US,,NEW YORK,AUGUST 2014
BYXD,UNITED STATES OF AMERICA,US,BATS,S,BATS Y-EXCHANGE DARK,BYXDARK,LENEXA,FEBRUARY 2015
BZXD,UNITED STATES OF AMERICA,US,BATS,S,BATS Z-EXCHANGE DARK,BZXDARK,LENEXA,FEBRUARY 2015
C2OX,UNITED STATES OF AMERICA,US,XCBO,S,C2 OPTIONS EXCHANGE INC.,,CHICAGO,MAY 2009
CAES,UNITED STATES OF AMERICA,US,CRED,S,CREDIT SUISSE AES CROSSFINDER,,NEW YORK,SEPTEMBER 2009
CANX,CANADA,CA,CANX,O,CANNEX FINANCIAL EXCHANGE LTS,CANNEX,TORONTO,JUNE 2005
CATS,GERMANY,DE,CATS,O,CATS,CATS,FRANKFURT,FEBRUARY 2015
CAVE,UNITED STATES OF AMERICA,US,OTCM,S,CAVEAT EMPTOR,,NEW YORK,AUGUST 2012
CAZE,UNITED KINGDOM,GB,CAZE,O,THE CAZENOVE MTF,,LONDON,NOVEMBER 2007
CBSX,UNITED STATES OF AMERICA,US,XCBO,S,CBOE STOCK EXCHANGE,CBSX,CHICAGO,JULY 2008
CBTS,UNITED STATES OF AMERICA,US,XCME,S,CME SWAPS MARKETS (CBOT),,CHICAGO,OCTOBER 2013
CCFX,CHINA,CN,CCFX,O,CHINA FINANCIAL FUTURES EXCHANGE,,SHANGHAI,SEPTEMBER 2007
CCLX,LUXEMBOURG,LU,CCLX,O,FINESTI S.A.,CCLUX,LUXEMBOURG,APRIL 2009
CCO2,UNITED KINGDOM,GB,CCO2,O,CANTORCO2E.COM LIMITED,,LONDON,JULY 2007
CDED,UNITED STATES OF AMERICA,US,CDEL,S,CITADEL DARK,,NEW YORK,MAY 2011
CDEL,UNITED STATES OF AMERICA,US,CDEL,O,CITADEL SECURITIES ATS,,NEW YORK,MAY 2011
CECS,UNITED STATES OF AMERICA,US,XCME,S,CME SWAPS MARKETS (COMEX),,NEW YORK,OCTOBER 2013
CETI,BRAZIL,BR,CETI,O,CETIP S.A. - MERCADOS ORGANIZADOS,,RIO DE JANEIRO,MARCH 2013
CGCM,ITALY,IT,CGIT,S,CASSA DI COMPENSAZIONE E GARANZIA SPA - COLLATERALIZED MONEY MARKET GUARANTEE SERVICE,NEWMIC,ROMA,JUNE 2013
CGDB,ITALY,IT,CGIT,S,CASSA DI COMPENSAZIONE E GARANZIA SPA - BONDS CCP SERVICE,CCGBONDS,ROMA,JUNE 2013
CGEB,ITALY,IT,CGIT,S,CASSA DI COMPENSAZIONE E GARANZIA SPA - EURO BONDS CCP SERVICE,CCGEUROBONDS,ROMA,JUNE 2013
CGGD,ITALY,IT,CGIT,S,CASSA DI COMPENSAZIONE E GARANZIA SPA - CCP AGRICULTURAL COMMODITY DERIVATIVES,CCGAGRIDER,ROMA,JUNE 2013
CGIT,ITALY,IT,CGIT,O,CASSA DI COMPENSAZIONE E GARANZIA SPA,CC&G,ROMA,JUNE 2013
CGMA,AUSTRALIA,AU,CGMA,O,CITI MATCH AUSTRALIA,,SYDNEY,JULY 2012
CGME,UNITED KINGDOM,GB,CGME,O,CITI MATCH,,LONDON,APRIL 2012
CGMH,HONG KONG,HK,CGMH,O,CITI MATCH,,HONG KONG,MARCH 2012
CGMI,UNITED STATES OF AMERICA,US,CGMI,O,CITIGROUP GLOBAL MARKETS,,NEW YORK,MARCH 2012
CGMU,UNITED STATES OF AMERICA,US,CGMI,S,CITI MATCH,,NEW YORK,MARCH 2012
CGMX,MEXICO,MX,CGMX,O,CITI MEXICO RPI (RETAIL PRICE IMPROVEMENT),,MEXICO,DECEMBER 2014
CGND,ITALY,IT,CGIT,S,CASSA DI COMPENSAZIONE E GARANZIA SPA - CCP ENERGY DERIVATIVES,CCGENERGYDER,ROMA,JUNE 2013
CGQD,ITALY,IT,CGIT,S,CASSA DI COMPENSAZIONE E GARANZIA SPA - CCP EQUITY DERIVATIVES,CCGEQUITYDER,ROMA,JUNE 2013
CGQT,ITALY,IT,CGIT,S,CASSA DI COMPENSAZIONE E GARANZIA SPA - EQUITY CCP SERVICE,CCGEQUITY,ROMA,JUNE 2013
CGTR,ITALY,IT,CGIT,S,CASSA DI COMPENSAZIONE E GARANZIA SPA - TRIPARTY REPO CCP SERVICE,CCGTRIPARTY,ROMA,JUNE 2013
CHEV,UNITED KINGDOM,GB,CHEV,O,CA CHEUVREUX,,LONDON,JUNE 2012
CHIA,AUSTRALIA,AU,CHIA,O,CHI-X AUSTRALIA,,SYDNEY,APRIL 2010
CHIC,CANADA,CA,CHIC,O,CHI-X CANADA ATS,,TORONTO,FEBRUARY 2008
CHID,UNITED KINGDOM,GB,BCXE,S,BATS CHI-X EUROPE - CXE DARK ORDER BOOK,CHI-X DARK,LONDON,APRIL 2013
CHIJ,JAPAN,JP,CHIJ,O,CHI-X JAPAN,,TOKYO,FEBRUARY 2010
CHIO,UNITED KINGDOM,GB,BCXE,S,BATS CHI-X EUROPE – CXE OFF-BOOK,CHI-X OFF-BOOK,LONDON,APRIL 2013
CHIS,JAPAN,JP,CHIJ,O,CHI-X JAPAN SELECT,CHI-SELECT,TOKYO,APRIL 2015
CHIV,JAPAN,JP,CHIJ,S,CHI-X JAPAN VWAP CROSSING,,TOKYO,AUGUST 2014
CHIX,UNITED KINGDOM,GB,BCXE,S,BATS CHI-X EUROPE -CXE ORDER BOOKS,BATS CHI-X,LONDON,APRIL 2013
CICX,UNITED STATES OF AMERICA,US,CGMI,S,CITI CROSS,CX,NEW YORK,FEBRUARY 2012
CITD,JAPAN,JP,CITX,S,CITI DARK,,TOKYO,MARCH 2013
CITX,JAPAN,JP,CITX,O,CITI MATCH,,TOKYO,JULY 2009
CLAU,AUSTRALIA,AU,CLAU,O,CLSA AUSTRALIA - DARK,,SYDNEY,JULY 2015
CLHK,HONG KONG,HK,CLHK,O,CLSA HONG KONG - DARK,,HONG KONG,JULY 2015
CLJP,JAPAN,JP,CLJP,O,CLSA JAPAN - DARK,,TOKYO,JULY 2015
CLMX,THE NETHERLANDS,NL,CLMX,O,CLIMEX,,UTRECHT,JULY 2009
CLPH,PHILIPPINES,PH,CLPH,O,CLSA PHILIPPINES - DARK,,MANILA,JULY 2015
CLTD,SINGAPORE,SG,CLTD,O,CLEARTRADE EXCHANGE,CLTX,SINGAPORE,OCTOBER 2014
CMEC,UNITED KINGDOM,GB,CMEE,S,CME CLEARING EUROPE,CME,LONDON,FEBRUARY 2014
CMED,UNITED KINGDOM,GB,CMEE,S,CME EUROPE - DERIVATIVES,CME,LONDON,FEBRUARY 2014
CMEE,UNITED KINGDOM,GB,CMEE,O,CME  EUROPE,CME,LONDON,JANUARY 2013
CMES,UNITED STATES OF AMERICA,US,XCME,S,CME SWAPS MARKETS (CME),,CHICAGO,OCTOBER 2013
CMET,JAPAN,JP,CMET,O,"CLEAR MARKETS JAPAN, INC.",CM ETP,TOKYO,DECEMBER 2014
CMMT,UNITED KINGDOM,GB,CMMT,O,CLEAR MARKETS EUROPE LIMITED,CM MTF,LONDON,DECEMBER 2014
CMSF,UNITED STATES OF AMERICA,US,CMSF,O,"CLEAR MARKETS NORTH AMERICA, INC.",CM SEF,CHARLOTTE,JULY 2014
COAL,FRANCE,FR,COAL,O,LA COTE ALPHA,,PARIS,SEPTEMBER 2011
CORE,UNITED STATES OF AMERICA,US,ATDF,S,ATD - CITIGROUP AGENCY OPTION AND EQUITIES ROUTING ENGINE,ATDF,MOUNT PLEASANT,MARCH 2015
COTC,CANADA,CA,COTC,O,BMO CAPITAL MARKETS - CAD OTC TRADES,,TORONTO,SEPTEMBER 2013
CRED,UNITED STATES OF AMERICA,US,CRED,O,CREDIT SUISSE (US),,NEW YORK,AUGUST 2012
CRYD,SWEDEN,SE,CRYD,O,CRYEX - FX AND DIGITAL CURRENCIES,,STOCKHOLM,JUNE 2015
CRYX,SWEDEN,SE,CRYX,O,CRYEX,,STOCKHOLM,JUNE 2015
CSCF,UNITED KINGDOM,GB,CSEU,S,CREDIT SUISSE AES CROSSFINDER EUROPE,,LONDON,AUGUST 2012
CSEU,UNITED KINGDOM,GB,CSEU,O,CREDIT SUISSE (EUROPE),,LONDON,SEPTEMBER 2012
CSLP,UNITED STATES OF AMERICA,US,CRED,S,CREDIT SUISSE LIGHT POOL,,NEW YORK,MAY 2010
CSSX,CHINA,CN,CSSX,O,CHINA STAINLESS STEEL EXCHANGE,,WUXI,FEBRUARY 2012
CSTO,SWEDEN,SE,XSTO,S,NASDAQ CLEARING,,STOCKHOLM,DECEMBER 2014
CXAC,AUSTRALIA,AU,CHIA,S,CHI-X MARKET AUSTRALIA - LIMIT VENUE,CXA,SYDNEY,MAY 2014
CXAF,AUSTRALIA,AU,CHIA,S,CHI-X AUSTRALIA MARKET PEG (FARPOINT) VENUE,CXA,SYDNEY,MAY 2014
CXAM,AUSTRALIA,AU,CHIA,S,CHI-X MOC,,SYDNEY,SEPTEMBER 2013
CXAN,AUSTRALIA,AU,CHIA,S,CHI-X AUSTRALIA PRIMARY PEG (NEARPOINT) VENUE,CXA,SYDNEY,MAY 2014
CXAP,AUSTRALIA,AU,CHIA,S,CHI-X AUSTRALIA MID-POINT VENUE,CXA,SYDNEY,MAY 2014
CXAV,AUSTRALIA,AU,CHIA,S,CHI-X VWAP,,SYDNEY,SEPTEMBER 2013
CXRT,UNITED KINGDOM,GB,IFEU,S,CREDITEX BROKERAGE LLP,,LONDON,JUNE 2015
DBCR,UNITED KINGDOM,GB,DBIX,S,DEUTSCHE BANK - CENTRAL RISK BOOK,CENTRAL RISK BOOK,LONDON,OCTOBER 2014
DBCX,UNITED KINGDOM,GB,DBIX,S,DEUTSCHE BANK - CLOSE CROSS,CLX,LONDON,OCTOBER 2014
DBDC,UNITED KINGDOM,GB,DBIX,S,DEUTSCHE BANK - DIRECT CAPITAL ACCESS,DCA,LONDON,OCTOBER 2014
DBHK,HONG KONG,HK,DBHK,O,DEUTSCHE BANK HONG KONG ATS,,HONG KONG,SEPTEMBER 2010
DBIX,UNITED KINGDOM,GB,DBIX,O,DEUTSCHE BANK INTERNALISATION,DB INTERNALISATION,LONDON,OCTOBER 2014
DBMO,UNITED KINGDOM,GB,DBIX,S,DEUTSCHE BANK - MANUAL OTC,MANUAL OTC,LONDON,OCTOBER 2014
DBOX,GERMANY,DE,DBOX,O,DEUTSCHE BANK OFF EXCHANGE TRADING,,FRANKFURT,FEBRUARY 2010
DBSE,UNITED KINGDOM,GB,DBIX,S,DEUTSCHE BANK - SUPERX EU,SUPERX EU,LONDON,OCTOBER 2014
DBSX,UNITED STATES OF AMERICA,US,DBSX,O,DEUTSCHE BANK SUPER X,,NEW YORK,AUGUST 2012
DCSX,CURACAO,CW,DCSX,O,DUTCH CARIBBEAN SECURITIES EXCHANGE,DCSX,WILLEMSTAD,JANUARY 2012
DEAL,UNITED STATES OF AMERICA,US,DEAL,O,DCX (DERIVATIVES CURRENCY EXCHANGE),DCX,NEW YORK,FEBRUARY 2012
DGCX,UNITED ARAB EMIRATES,AE,DGCX,O,DUBAI GOLD & COMMODITIES EXCHANGE DMCC,DGCX,DUBAI,DECEMBER 2005
DIFX,UNITED ARAB EMIRATES,AE,DIFX,O,NASDAQ DUBAI,,DUBAI,FEBRUARY 2015
DKTC,DENMARK,DK,DKTC,O,DANSK OTC,,HORSENS,SEPTEMBER 2007
DOTS,SWITZERLAND,CH,DOTS,O,SWISS DOTS BY CATS,DOTS,ZURICH,FEBRUARY 2015
DRCT,JAPAN,JP,DRCT,O,DAIWA DRECT,,TOKYO,APRIL 2013
DSMD,QATAR,QA,DSMD,O,QATAR EXCHANGE,DSM,DOHA,NOVEMBER 2009
DUMX,UNITED ARAB EMIRATES,AE,DUMX,O,DUBAI MERCANTILE EXCHANGE,,DUBAI,JULY 2007
DUSA,GERMANY,DE,XDUS,S,BOERSE DUESSELDORF - REGULIERTER MARKT,,DUESSELDORF,FEBRUARY 2008
DUSB,GERMANY,DE,XDUS,S,BOERSE DUESSELDORF - FREIVERKEHR,,DUESSELDORF,FEBRUARY 2008
DUSC,GERMANY,DE,XDUS,S,BOERSE DUESSELDORF - QUOTRIX - REGULIERTER MARKT,,DUESSELDORF,AUGUST 2008
DUSD,GERMANY,DE,XDUS,S,BOERSE DUESSELDORF - QUOTRIX MTF,,DUESSELDORF,AUGUST 2008
DWSF,UNITED STATES OF AMERICA,US,TRWB,S,DW SEF LLC,DWSEF,NEW YORK,JULY 2014
EACM,UNITED KINGDOM,GB,XMTS,S,MTS REPO - AGENCY CASH MANAGEMENT,ACM,LONDON,JULY 2013
ECAG,GERMANY,DE,XEUR,S,EUREX CLEARING AG,,FRANKFURT,NOVEMBER 2005
ECAL,SINGAPORE,SG,ECAL,O,EUREX CLEARING ASIA PTE. LTD.,,SINGAPORE,JULY 2015
EDDP,UNITED STATES OF AMERICA,US,EDGE,S,EDGX EXCHANGE DARK,EDGXDARK,LENEXA,JUNE 2015
EDGA,UNITED STATES OF AMERICA,US,EDGE,S,EDGA EXCHANGE,EDGA,LENEXA,JUNE 2015
EDGD,UNITED STATES OF AMERICA,US,EDGE,S,EDGA EXCHANGE DARK,EDGADARK,LENEXA,JUNE 2015
EDGE,UNITED STATES OF AMERICA,US,EDGE,O,BATS DIRECT EDGE,,LENEXA,JUNE 2015
EDGO,UNITED STATES OF AMERICA,US,EDGE,S,EDGX OPTIONS MARKET,EDGO,LENEXA,JUNE 2015
EDGX,UNITED STATES OF AMERICA,US,EDGE,S,EDGX EXCHANGE,EDGX,LENEXA,JUNE 2015
EEAL,SINGAPORE,SG,EEAL,O,EUREX EXCHANGE ASIA PTE. LTD.,,SINGAPORE,JULY 2015
EESE,UKRAINE,UA,EESE,O,EAST EUROPEAN STOCK EXCHANGE,,KIEV,MAY 2010
EMDR,ITALY,IT,EMID,S,E-MID - E-MIDER MARKET,,MILANO,JUNE 2008
EMID,ITALY,IT,EMID,O,E-MID,,MILANO,MAY 2010
EMIR,ITALY,IT,EMID,S,E-MID REPO,,MILANO,NOVEMBER 2011
EMTF,LUXEMBOURG,LU,XLUX,S,EURO MTF,,LUXEMBOURG,JUNE 2005
EMTS,UNITED KINGDOM,GB,XMTS,S,EUROMTS,EMTS,LONDON,JUNE 2005
ENAX,GREECE,GR,ASEX,S,ATHENS EXCHANGE ALTERNATIVE MARKET,ENAX,ATHENS,NOVEMBER 2007
ENCL,UNITED KINGDOM,GB,ENCL,O,ENCLEAR,ENC,LONDON,OCTOBER 2013
ENSX,SWEDEN,SE,SEBX,S,SEB ENSKILDA,,STOCKHOLM,NOVEMBER 2012
ENXB,BELGIUM,BE,XBRU,S,EURONEXT - EASY NEXT,,BRUSSELS,APRIL 2015
ENXL,PORTUGAL,PT,XLIS,S,EURONEXT - EASYNEXT LISBON,,LISBOA,APRIL 2015
EOTC,HONG KONG,HK,EOTC,O,E-OTC,,HONG KONG,FEBRUARY 2010
EPEX,FRANCE,FR,EPEX,O,EPEX SPOT SE,,PARIS,SEPTEMBER 2009
EQLD,UNITED KINGDOM,GB,EQLD,O,EQUILEND EUROPE LIMITED,,LONDON,AUGUST 2013
EQTA,GERMANY,DE,XBER,S,BOERSE BERLIN EQUIDUCT TRADING - REGULIERTER MARKT,,BERLIN,MAY 2008
EQTB,GERMANY,DE,XBER,S,BOERSE BERLIN EQUIDUCT TRADING - BERLIN SECOND REGULATED MARKET,,BERLIN,MARCH 2010
EQTC,GERMANY,DE,XBER,S,BOERSE BERLIN EQUIDUCT TRADING - FREIVERKEHR,,BERLIN,AUGUST 2010
EQTD,GERMANY,DE,XBER,S,BOERSE BERLIN EQUIDUCT TRADING - OTC,,BERLIN,JANUARY 2011
ERIS,UNITED STATES OF AMERICA,US,ERIS,O,ERIS EXCHANGE,,CHICAGO,MARCH 2012
ESPD,UNITED STATES OF AMERICA,US,XNAS,S,NASDAQ OMX ESPEED,ESPEED,NEW YORK,SEPTEMBER 2013
ETFP,ITALY,IT,XMIL,S,ELECTRONIC OPEN-END FUNDS AND ETC MARKET,ETFPLUS,MILANO,SEPTEMBER 2007
ETLX,ITALY,IT,ETLX,O,EUROTLX,,MILANO,AUGUST 2007
ETSC,KAZAKHSTAN,KZ,ETSC,O,ETS EURASIAN TRADING SYSTEM COMMODITY EXCHANGE,,ALMATY,JULY 2010
EUAX,GREECE,GR,ASEX,S,ATHENS EXCHANGE EUAS MARKET,,ATHENS,JUNE 2011
EUCH,SWITZERLAND,CH,EUCH,O,EUREX ZURICH,,ZURICH,JULY 2012
EURM,SWITZERLAND,CH,EUCH,S,EUREX REPO MARKET,,ZURICH,JULY 2012
EUSC,SWITZERLAND,CH,EUCH,S,EUREX CH SECLEND MARKET,,ZURICH,JULY 2012
EUSP,SWITZERLAND,CH,EUCH,S,EUREX OTC SPOT MARKET,,ZURICH,JULY 2012
EUWX,GERMANY,DE,XSTU,S,EUWAX,EUWAX,STUTTGART,JUNE 2005
EWSM,MALTA,MT,EWSM,O,EUROPEAN WHOLESALE SECURITIES MARKET,,VALLETTA,APRIL 2012
EXAA,AUSTRIA,AT,EXAA,O,AUSTRIAN ENERGY EXCHANGE,EXAA,VIENNA,MAY 2007
EXBO,UNITED KINGDOM,GB,EXEU,S,EXANE BNP PARIBAS - BID-OFFER CROSSING,,LONDON,JULY 2015
EXCP,UNITED KINGDOM,GB,EXEU,S,EXANE BNP PARIBAS - CLOSING PRICE,,LONDON,JULY 2015
EXEU,UNITED KINGDOM,GB,EXEU,O,EXANE BNP PARIBAS,EXEU,LONDON,JULY 2015
EXMP,UNITED KINGDOM,GB,EXEU,S,EXANE BNP PARIBAS - MID POINT,EXANE BNP PARIBAS,LONDON,JULY 2015
EXOR,UNITED KINGDOM,GB,EXEU,S,EXANE BNP PARIBAS - SMART ORDER ROUTING,,LONDON,JULY 2015
EXSI,UNITED KINGDOM,GB,EXEU,S,EXANE BNP PARIBAS - SYSTEMATIC INTERNALISER,,LONDON,JULY 2015
EXVP,UNITED KINGDOM,GB,EXEU,S,EXANE BNP PARIBAS - VOLUME PROFILE CROSSING,,LONDON,JULY 2015
FAIR,UNITED KINGDOM,GB,FAIR,O,CANTOR SPREADFAIR,,LONDON,SEPTEMBER 2007
FAST,UNITED STATES OF AMERICA,US,FAST,O,FASTMATCH,,NEW YORK,MAY 2012
FCBT,UNITED STATES OF AMERICA,US,XCBT,S,CHICAGO BOARD OF TRADE (FLOOR),CBOT (FLOOR),CHICAGO,FEBRUARY 2007
FCME,UNITED STATES OF AMERICA,US,XCME,S,CHICAGO MERCANTILE EXCHANGE (FLOOR),CME (FLOOR),CHICAGO,FEBRUARY 2007
FINN,UNITED STATES OF AMERICA,US,FINR,S,FINRA/NASDAQ TRF(TRADE REPORTING FACILITY),,WASHINGTON,APRIL 2013
FINO,UNITED STATES OF AMERICA,US,FINR,S,FINRA ORF (TRADE REPORTING FACILITY),,WASHINGTON,JULY 2010
FINR,UNITED STATES OF AMERICA,US,FINR,O,FINRA,,WASHINGTON,JANUARY 2013
FINY,UNITED STATES OF AMERICA,US,FINR,S,FINRA/NYSE TRF (TRADE REPORTING FACILITY),,WASHINGTON,JULY 2010
FISH,NORWAY,NO,FISH,O,FISH POOL ASA,,BERGEN,JUNE 2007
FMTS,FRANCE,FR,FMTS,O,MTS FRANCE SAS,,PARIS,NOVEMBER 2005
FNEE,ESTONIA,EE,XTAL,S,FIRST NORTH ESTONIA,,TALLINN,FEBRUARY 2015
FNFI,FINLAND,FI,XHEL,S,FIRST NORTH FINLAND,,HELSINKI,MARCH 2008
FNLT,LITHUANIA,LT,XLIT,S,FIRST NORTH LITHUANIA,,VILNIUS,FEBRUARY 2015
FNLV,LATVIA,LV,XRIS,S,FIRST NORTH LATVIA,,RIGA,FEBRUARY 2015
FNSE,SWEDEN,SE,XSTO,S,FIRST NORTH STOCKHOLM,,STOCKHOLM,DECEMBER 2014
FRAA,GERMANY,DE,XFRA,S,BOERSE FRANKFURT - REGULIERTER MARKT,,FRANKFURT,MARCH 2008
FRAB,GERMANY,DE,XFRA,S,BOERSE FRANKFURT - FREIVERKEHR,,FRANKFURT,MARCH 2008
FRAD,GERMANY,DE,XFRA,S,DEUTSCHE BOERSE MID-POINT CROSS,DBMID,FRANKFURT,MAY 2011
FSHX,NORWAY,NO,FSHX,O,FISHEX,,TROMSO,SEPTEMBER 2007
FXAL,UNITED STATES OF AMERICA,US,FXAL,O,FXALL,,NEW YORK,FEBRUARY 2009
FXCM,UNITED STATES OF AMERICA,US,FXCM,O,FXCM,,NEW YORK,AUGUST 2011
G1XX,UNITED STATES OF AMERICA,US,G1XX,O,G1 EXECUTION SERVICES,,CHICAGO,SEPTEMBER 2014
GBOT,MAURITIUS,MU,GBOT,O,BOURSE AFRICA LIMITED,BAFR,EBENE,DECEMBER 2013
GEMX,UNITED KINGDOM,GB,GEMX,O,GEMMA (GILT EDGED MARKET MAKERS’ASSOCIATION),GEMMA,LONDON,JUNE 2005
GETB,LITHUANIA,LT,GETB,O,LITHUANIAN NATURAL GAS EXCHANGE,GET BALTIC,VILNIUS,NOVEMBER 2014
GFIC,UNITED KINGDOM,GB,GFIC,O,GFI CREDITMATCH,,LONDON,APRIL 2014
GFIF,UNITED KINGDOM,GB,GFIC,S,GFI FOREXMATCH,,LONDON,APRIL 2014
GFIN,UNITED KINGDOM,GB,GFIC,S,GFI ENERGYMATCH,,LONDON,APRIL 2014
GFIR,UNITED KINGDOM,GB,GFIC,S,GFI RATESMATCH,,LONDON,APRIL 2014
GLBX,UNITED STATES OF AMERICA,US,XCME,S,CME GLOBEX,,CHICAGO,SEPTEMBER 2008
GLLC,UNITED STATES OF AMERICA,US,GLLC,O,GATE US LLC,,NEW YORK,JULY 2010
GLPS,UNITED STATES OF AMERICA,US,GLPS,O,"ESSEX RADEZ, LLC",GLPS,CHICAGO,SEPTEMBER 2014
GMEG,UNITED KINGDOM,GB,GMEG,O,GLOBAL MARKETS EXCHANGE,GMEX,LONDON,JUNE 2013
GMNI,UNITED STATES OF AMERICA,US,XISX,S,ISE GEMINI EXCHANGE,,NEW YORK,MAY 2013
GMTF,FRANCE,FR,GMTF,O,GALAXY,,PARIS,APRIL 2011
GMTS,UNITED KINGDOM,GB,XMTS,S,MTS GERMANY,,LONDON,FEBRUARY 2011
GOVX,UNITED STATES OF AMERICA,US,GOVX,O,GOVEX,GOVEX,BOSTON,MARCH 2012
GREE,UNITED STATES OF AMERICA,US,GREE,O,THE GREEN EXCHANGE,,CHICAGO,SEPTEMBER 2009
GRIF,UNITED KINGDOM,GB,GRIF,O,GRIFFIN MARKETS LIMITED,,LONDON,OCTOBER 2012
GRSE,UNITED KINGDOM,GB,GRSE,O,THE GREEN STOCK EXCHANGE - ACB IMPACT MARKETS,GSE,LONDON,JULY 2014
GSCI,GUYANA,GY,GSCI,O,THE GUYANA ASSOCIATION OF SECURITIES COMPANIES AND INTERMEDIARIES INC.,,GEORGETOWN,DECEMBER 2010
GSEF,UNITED STATES OF AMERICA,US,GSEF,O,"GFI SWAPS EXCHANGE, LLC",GFI SEF,NEW YORK,AUGUST 2014
GSXL,GIBRALTAR,GI,GSXL,O,THE GIBRALTAR STOCK EXCHANGE,GSX,GIBRALTAR,JULY 2015
GTCO,UNITED STATES OF AMERICA,US,GTCO,O,KCG AMERICAS LLC,,NEW YORK,JANUARY 2014
GXGF,DENMARK,DK,GXGR,S,GXG MTF FIRST QUOTE,,HORSENS,APRIL 2012
GXGM,DENMARK,DK,GXGR,S,GXG MTF,,HORSENS,OCTOBER 2011
GXGR,DENMARK,DK,GXGR,O,GXG MARKETS A/S,DANSK AMP,HORSENS,MAY 2012
GXMA,VANUATU,VU,GXMA,O,GX MARKETCENTER,,VILA,MAY 2010
HAMA,GERMANY,DE,XHAM,S,BOERSE HAMBURG - REGULIERTER MARKT,,HAMBURG,FEBRUARY 2008
HAMB,GERMANY,DE,XHAM,S,BOERSE HAMBURG - FREIVERKEHR,,HAMBURG,FEBRUARY 2008
HANA,GERMANY,DE,XHAN,S,BOERSE HANNOVER - REGULIERTER MARKT,,HANNOVER,FEBRUARY 2008
HANB,GERMANY,DE,XHAN,S,BOERSE HANNOVER - FREIVERKEHR,,HANNOVER,FEBRUARY 2008
HCHC,THE NETHERLANDS,NL,HCHC,O,HOLLAND CLEARING HOUSE N.V.,,AMSTERDAM,JANUARY 2014
HDAT,GREECE,GR,HDAT,O,ELECTRONIC SECONDARY SECURITIES MARKET (HDAT),HDAT,ATHENS,JUNE 2005
HEGX,UNITED STATES OF AMERICA,US,HEGX,O,NADEX,,CHICAGO,APRIL 2010
HEMO,GREECE,GR,HEMO,O,LAGIE - OPERATOR OF THE ENERGY MARKET S.A.,LAGIE S.A.,PIREAUS,APRIL 2015
HMOD,ITALY,IT,HMTF,S,HI-MTF ORDER DRIVEN,,MILANO,JULY 2008
HMTF,ITALY,IT,HMTF,O,HI-MTF,,MILANO,NOVEMBER 2007
HOTC,GREECE,GR,ASEX,S,HELLENIC EXCHANGE OTC MARKET,,ATHENS,AUGUST 2008
HPPO,UNITED STATES OF AMERICA,US,HPPO,O,POTAMUS TRADING LLC,HPPO,BOSTON,APRIL 2014
HSFX,UNITED STATES OF AMERICA,US,HSFX,O,HOTSPOT FX,,JERSEY CITY,JANUARY 2009
HSTC,VIET NAM,VN,HSTC,O,HANOI STOCK EXCHANGE,HNX,HANOI,JULY 2009
HSXA,HONG KONG,HK,HSXA,O,HSBC-X HONG KONG,,HONG KONG,OCTOBER 2010
HSXE,UNITED KINGDOM,GB,HSXE,O,HSBC-X UNITED KINGDOM,,LONDON,AUGUST 2012
HUNG,UNITED KINGDOM,GB,XMTS,S,MTS HUNGARY,,LONDON,DECEMBER 2014
HUPX,HUNGARY,HU,HUPX,O,HUNGARIAN POWER EXCHANGE,HUPX,BUDAPEST,APRIL 2009
IBAL,UNITED KINGDOM,GB,IBAL,O,ICE BENCHMARK ADMINISTRATION,IBA,LONDON,JULY 2015
IBGH,SPAIN,ES,IBGH,O,IBERIAN GAS HUB,IBGH,BILBAO,APRIL 2015
IBLX,UNITED STATES OF AMERICA,US,XINS,S,INSTINET BLX,,NEW YORK,JUNE 2009
ICAH,UNITED KINGDOM,GB,ICAP,S,TRAYPORT,,LONDON,DECEMBER 2013
ICAP,UNITED KINGDOM,GB,ICAP,O,ICAP EUROPE,,LONDON,JUNE 2007
ICAS,NORWAY,NO,ICAS,O,ICAP ENERGY AS,,BERGEN,JULY 2008
ICBX,UNITED STATES OF AMERICA,US,XINS,S,INSTINET CBX (US),,NEW YORK,NOVEMBER 2008
ICDX,INDONESIA,ID,ICDX,O,INDONESIA COMMODITY AND DERIVATIVES EXCHANGE,,JAKARTA,FEBRUARY 2010
ICEL,UNITED STATES OF AMERICA,US,ICEL,O,"ISLAND ECN LTD, THE",,NEW YORK,JUNE 2005
ICEN,UNITED KINGDOM,GB,ICAP,S,ICAP ENERGY,,LONDON,JUNE 2007
ICES,UNITED STATES OF AMERICA,US,IFUS,S,ICE SWAP TRADE LLC,,NEW YORK,DECEMBER 2013
ICRO,UNITED STATES OF AMERICA,US,XINS,S,INSTINET VWAP CROSS,,NEW YORK,JUNE 2009
ICSE,UNITED KINGDOM,GB,ICAP,S,ICAP SECURITIES,,LONDON,JUNE 2007
ICSU,UNITED STATES OF AMERICA,US,ICAP,S,ICAP SEF (US)  LLC.,,JERSEY CITY,JULY 2014
ICTQ,UNITED KINGDOM,GB,ICAP,S,ICAP TRUEQUOTE,,LONDON,MARCH 2010
ICXL,INDIA,IN,ICXL,O,INDIAN COMMODITY EXCHANGE LTD.,,MUMBAI,APRIL 2010
IEPA,UNITED STATES OF AMERICA,US,IFUS,S,INTERCONTINENTAL EXCHANGE,ICE,ATLANTA,DECEMBER 2013
IEXG,UNITED STATES OF AMERICA,US,IEXG,O,IEX MARKET,IEX,NEW YORK,OCTOBER 2013
IFCA,CANADA,CA,IFCA,O,ICE FUTURES CANADA,,WINNIPEG,OCTOBER 2011
IFED,UNITED STATES OF AMERICA,US,IFUS,S,ICE FUTURES U.S. ENERGY DIVISION,,NEW YORK,DECEMBER 2013
IFEN,UNITED KINGDOM,GB,IFEU,S,ICE FUTURES EUROPE - OIL AND REFINED PRODUCTS DIVISION,,LONDON,DECEMBER 2013
IFEU,UNITED KINGDOM,GB,IFEU,O,ICE FUTURES EUROPE,,LONDON,DECEMBER 2013
IFLL,UNITED KINGDOM,GB,IFEU,S,ICE FUTURES EUROPE - FINANCIAL PRODUCTS DIVISION,,LONDON,DECEMBER 2013
IFLO,UNITED KINGDOM,GB,IFEU,S,ICE FUTURES EUROPE - EQUITY PRODUCTS DIVISION,,LONDON,DECEMBER 2013
IFLX,UNITED KINGDOM,GB,IFEU,S,ICE FUTURES EUROPE - AGRICULTURAL PRODUCTS DIVISION,,LONDON,DECEMBER 2013
IFSG,SINGAPORE,SG,IFSG,o,ICE FUTURES SINGAPORE,,SINGAPORE,DECEMBER 2013
IFUS,UNITED STATES OF AMERICA,US,IFUS,O,ICE FUTURES U.S.,,NEW YORK,DECEMBER 2013
IFUT,UNITED KINGDOM,GB,IFEU,S,ICE FUTURES EUROPE - EUROPEAN UTILITIES DIVISION,,LONDON,DECEMBER 2013
IIDX,UNITED STATES OF AMERICA,US,XINS,S,INSTINET IDX,,NEW YORK,JUNE 2009
IMAG,UNITED STATES OF AMERICA,US,IFUS,S,ICE MARKETS AGRICULTURE,,ATLANTA,DECEMBER 2013
IMBD,UNITED STATES OF AMERICA,US,IFUS,S,ICE MARKETS BONDS,,ATLANTA,DECEMBER 2013
IMCC,UNITED STATES OF AMERICA,US,IFUS,S,CREDITEX SECURITIES CORPORATION,,NEW YORK,DECEMBER 2013
IMCG,UNITED STATES OF AMERICA,US,IFUS,S,CREDITEX LLC,,NEW YORK,JUNE 2015
IMCO,UNITED STATES OF AMERICA,US,IFUS,S,ICE MARKETS COMMODITIES,,ATLANTA,DECEMBER 2013
IMCR,UNITED STATES OF AMERICA,US,IFUS,S,ICE MARKETS CREDIT,,ATLANTA,DECEMBER 2013
IMEN,UNITED STATES OF AMERICA,US,IFUS,S,ICE MARKETS ENERGY,,ATLANTA,DECEMBER 2013
IMEQ,UNITED STATES OF AMERICA,US,IFUS,S,ICE MARKETS EQUITY,,ATLANTA,DECEMBER 2013
IMEX,IRAN,IR,IMEX,O,IRAN MERCANTILE EXCHANGE,,TEHRAN,AUGUST 2011
IMFX,UNITED STATES OF AMERICA,US,IFUS,S,ICE MARKETS FOREIGN EXCHANGE,,ATLANTA,DECEMBER 2013
IMIR,UNITED STATES OF AMERICA,US,IFUS,S,ICE MARKETS RATES,,ATLANTA,DECEMBER 2013
IMTS,UNITED KINGDOM,GB,XMTS,S,MTS IRELAND,,LONDON,NOVEMBER 2005
ISDA,UNITED STATES OF AMERICA,US,ISDA,O,ISDAFIX,,NEW YORK,NOVEMBER 2012
ISDX,UNITED KINGDOM,GB,ICAP,S,ICAP SECURITIES & DERIVATIVES EXCHANGE LIMITED,,LONDON,NOVEMBER 2012
ISEC,ICELAND,IS,XICE,S,FIRST NORTH ICELAND,,REYKJAVIK,MAY 2010
ISEX,INDIA,IN,ISEX,O,INTER-CONNECTED STOCK EXCHANGE OF INDIA LTD,ISE,MUMBAI,SEPTEMBER 2007
ISWA,UNITED KINGDOM,GB,ISWA,O,I-SWAP,,LONDON,JANUARY 2012
ITGI,UNITED STATES OF AMERICA,US,ITGI,O,ITG - POSIT,,NEW YORK,MARCH 2013
IVZX,CANADA,CA,IVZX,O,INVESCO CANADA PTF TRADES,,TORONTO,JULY 2014
JADX,SINGAPORE,SG,JADX,O,JOINT ASIAN DERIVATIVES EXCHANGE,,SINGAPORE,MAY 2007
JASR,JAPAN,JP,XIJP,S,JAPANCROSSING,,TOKYO,SEPTEMBER 2007
JEFX,UNITED STATES OF AMERICA,US,JEFX,O,JETX,,NEW YORK,JULY 2014
JPMX,UNITED STATES OF AMERICA,US,JPMX,O,JPMX,JPMX,NEW YORK,FEBRUARY 2012
JSEF,UNITED STATES OF AMERICA,US,JSEF,O,"JAVELIN SEF, LLC",,NEW YORK,AUGUST 2014
JSES,UNITED STATES OF AMERICA,US,JSES,O,JANE STREET EXECUTION SERVICES LLC,JX,NEW YORK,APRIL 2014
KCCP,HUNGARY,HU,KCCP,O,KELER CCP,,BUDAPEST,SEPTEMBER 2013
KDPW,POLAND,PL,KDPW,O,KDPW_CCP,,WARSAW,AUGUST 2013
KLEU,UNITED KINGDOM,GB,KLEU,O,KNIGHT LINK EUROPE,,LONDON,APRIL 2009
KNCM,UNITED STATES OF AMERICA,US,KNIG,S,KNIGHT CAPITAL MARKETS LLC,,JERSEY CITY,MAY 2010
KNEM,UNITED STATES OF AMERICA,US,KNIG,S,KNIGHT EQUITY MARKETS LP,,JERSEY CITY,MAY 2010
KNIG,UNITED STATES OF AMERICA,US,KNIG,O,KNIGHT,,JERSEY CITY,MARCH 2013
KNLI,UNITED STATES OF AMERICA,US,KNIG,S,KNIGHT LINK,,JERSEY CITY,DECEMBER 2008
KNMX,UNITED STATES OF AMERICA,US,KNIG,S,KNIGHT MATCH ATS,,JERSEY CITY,DECEMBER 2008
LASF,UNITED STATES OF AMERICA,US,LASF,O,LATAM SEF,,NEW YORK,JULY 2014
LCHC,FRANCE,FR,LCHC,O,LCH.CLEARNET,,PARIS,DECEMBER 2013
LEVL,UNITED STATES OF AMERICA,US,LEVL,O,LEVEL ATS,LEVEL,BOSTON,FEBRUARY 2007
LICA,CANADA,CA,LICA,O,LIQUIDNET CANADA ATS,,TORONTO,SEPTEMBER 2010
LIQF,UNITED KINGDOM,GB,LIQU,S,LIQUIDNET EUROPE LIMITED,LIQU,LONDON,JUNE 2014
LIQH,UNITED KINGDOM,GB,LIQU,S,LIQUIDNET H20,LQNT H20,LONDON,MAY 2011
LIQU,UNITED KINGDOM,GB,LIQU,O,LIQUIDNET SYSTEMS,,LONDON,SEPTEMBER 2007
LIUH,UNITED STATES OF AMERICA,US,LIUS,S,"LIQUIDNET, INC. H2O ATS",LQNA,NEW YORK,NOVEMBER 2014
LIUS,UNITED STATES OF AMERICA,US,LIUS,O,"LIQUIDNET, INC.",LQNT,NEW YORK,JULY 2014
LMAD,UNITED KINGDOM,GB,LMAX,S,LMAX - DERIVATIVES,,LONDON,AUGUST 2011
LMAE,UNITED KINGDOM,GB,LMAX,S,LMAX - EQUITIES,,LONDON,JANUARY 2010
LMAF,UNITED KINGDOM,GB,LMAX,S,LMAX - FX,,LONDON,JANUARY 2010
LMAO,UNITED KINGDOM,GB,LMAX,S,LMAX - INDICES/RATES/COMMODITIES,,LONDON,JANUARY 2010
LMAX,UNITED KINGDOM,GB,LMAX,O,LMAX,,LONDON,DECEMBER 2010
LMEC,UNITED KINGDOM,GB,LMEC,O,LME CLEAR,LMEC,LONDON,FEBRUARY 2014
LMNX,UNITED STATES OF AMERICA,US,LTAA,S,LUMINEX TRADING & ANALYTICS LLC - ATS,LMNX,BOSTON,JULY 2015
LOTC,UNITED KINGDOM,GB,LOTC,O,OTC MARKET,,LONDON,AUGUST 2013
LPPM,UNITED KINGDOM,GB,LPPM,O,LONDON PLATINUM AND PALLADIUM MARKET,LPPM,LONDON,APRIL 2007
LQED,UNITED STATES OF AMERICA,US,LQED,O,LIQUIDITYEDGE,,NEW YORK,JULY 2015
LQFI,UNITED STATES OF AMERICA,US,CGMI,S,CITI LIQUIFI,LQFI,NEW YORK,SEPTEMBER 2014
LTAA,UNITED STATES OF AMERICA,US,LTAA,O,LUMINEX TRADING & ANALYTICS LLC,LTAA,BOSTON,JULY 2015
LXJP,JAPAN,JP,LXJP,O,BARCLAYS LX JAPAN,LXJP,TOKYO,MAY 2015
LYNX,CANADA,CA,OMGA,S,LYNX ATS,,TORONTO,NOVEMBER 2012
MABX,SPAIN,ES,BMEX,S,MERCADO ALTERNATIVO BURSATIL,MAB,MADRID,JULY 2007
MAEL,UNITED KINGDOM,GB,MAEL,O,MARKETAXESS EUROPE LIMITED,,LONDON,JULY 2007
MALX,MALDIVES,MV,MALX,O,MALDIVES STOCK EXCHANGE,,MALE,AUGUST 2011
MAQH,HONG KONG,HK,MAQH,O,MACQUARIE INTERNAL MARKETS (HONG KONG),,HONG KONG,APRIL 2015
MAQJ,JAPAN,JP,MAQJ,O,MACQUARIE INTERNAL MARKETS (JAPAN),,TOKYO,APRIL 2015
MAQX,AUSTRALIA,AU,MAQX,O,MACQUARIE INTERNAL MARKETS (AUSTRALIA),,SYDNEY,APRIL 2015
MARF,SPAIN,ES,BMEX,S,MERCADO ALTERNATIVO DE RENTA FIJA,MARF,MADRID,JULY 2013
MATN,CANADA,CA,MATN,O,MATCH NOW,,TORONTO,JANUARY 2008
MCRY,UNITED STATES OF AMERICA,US,XISX,S,"ISE MERCURY, LLC",,NEW YORK,OCTOBER 2014
MCXX,INDIA,IN,MCXX,O,MCX STOCK EXCHANGE LTD,,MUMBAI,NOVEMBER 2010
MCZK,UNITED KINGDOM,GB,XMTS,S,MTS CZECH REPUBLIC,,LONDON,MAY 2011
MERF,SPAIN,ES,BMEX,S,MERCADO ELECTRONICO DE RENTA FIJA,MERF,MADRID,OCTOBER 2013
MESQ,MALAYSIA,MY,XKLS,S,ACE MARKET,,KUALA LUMPUR,MAY 2010
MFGL,UNITED KINGDOM,GB,MFGL,O,MF GLOBAL ENERGY MTF,,LONDON,NOVEMBER 2007
MFOX,PORTUGAL,PT,XLIS,S,EURONEXT - MERCADO DE FUTUROS E OPÇÕES,,LISBOA,APRIL 2015
MIBG,SPAIN,ES,MIBG,O,MERCADO ORGANIZADO DEL GAS,MIBGAS,MADRID,JULY 2015
MISX,RUSSIA,RU,MISX,O,MOSCOW EXCHANGE,MOEX,MOSCOW,JULY 2013
MIVX,ITALY,IT,XMIL,S,MARKET FOR INVESTMENT VEHICLES,MIV,MILANO,DECEMBER 2014
MIZX,JAPAN,JP,MIZX,O,MIZUHO INTERNAL CROSSING,MIX,TOKYO,APRIL 2014
MLAX,UNITED KINGDOM,GB,MLXN,S,BANK OF AMERICA - MERRILL LYNCH AUCTION CROSS,,LONDON,MAY 2015
MLCO,UNITED STATES OF AMERICA,US,BAML,S,BANK OF AMERICA - MERRILL LYNCH OTC,,NEW YORK,APRIL 2015
MLEU,UNITED KINGDOM,GB,MLXN,S,BANK OF AMERICA - MERRILL LYNCH OTC,,LONDON,MAY 2015
MLVE,UNITED KINGDOM,GB,MLXN,S,BANK OF AMERICA - MERRILL LYNCH VWAP CROSS - EUROPE,,LONDON,JULY 2015
MLVX,UNITED STATES OF AMERICA,US,BAML,S,BANK OF AMERICA - MERRILL LYNCH VWAP CROSS,,NEW YORK,FEBRUARY 2015
MLXB,BELGIUM,BE,XBRU,S,EURONEXT - MARCHE LIBRE BRUSSELS,,BRUSSELS,APRIL 2015
MLXN,UNITED KINGDOM,GB,MLXN,O,BANK OF AMERICA - MERRILL LYNCH INSTINCT X,,LONDON,MAY 2015
MOCX,UNITED STATES OF AMERICA,US,XINS,S,MOC CROSS,MOCX,NEW YORK,FEBRUARY 2015
MOTX,ITALY,IT,XMIL,S,ELECTRONIC BOND MARKET,MOT,MILANO,SEPTEMBER 2007
MSAL,AUSTRALIA,AU,MSAL,O,MORGAN STANLEY AUSTRALIA SECURITIES LIMITED,,SYDNEY,JULY 2015
MSCO,UNITED STATES OF AMERICA,US,MSCO,O,MORGAN STANLEY AND CO. LLC,,NEW YORK,NOVEMBER 2014
MSIP,UNITED KINGDOM,GB,MSIP,O,MORGAN STANLEY AND CO. INTERNATIONAL PLC,,LONDON,MAY 2015
MSLP,UNITED STATES OF AMERICA,US,MSCO,S,MORGAN STANLEY AUTOMATED LIQUIDITY PROVISION,,NEW YORK,DECEMBER 2014
MSMS,JAPAN,JP,MSMS,O,"MORGAN STANLEY MUFG SECURITIES CO., LTD",,TOKYO,JULY 2015
MSPL,UNITED STATES OF AMERICA,US,MSCO,S,MS POOL,,NEW YORK,MARCH 2015
MSRP,UNITED STATES OF AMERICA,US,MSCO,S,MS RETAIL POOL,,NEW YORK,MARCH 2015
MSTX,UNITED STATES OF AMERICA,US,MSCO,S,MS TRAJECTORY CROSS,,NEW YORK,MARCH 2015
MTAA,ITALY,IT,XMIL,S,ELECTRONIC SHARE MARKET,MTA,MILANO,SEPTEMBER 2007
MTAH,ITALY,IT,XMIL,S,BORSA ITALIANA TRADING AFTER HOURS,TAH,MILAN,MAY 2012
MTCH,FRANCE,FR,XPAR,S,BONDMATCH,,PARIS,APRIL 2015
MTSA,UNITED KINGDOM,GB,XMTS,S,MTS AUSTRIA,,LONDON,FEBRUARY 2011
MTSB,UNITED STATES OF AMERICA,US,MTUS,S,MTS BONDS.COM,,NEW YORK,AUGUST 2014
MTSC,ITALY,IT,MTSC,O,MTS S.P.A.,MTS ITALY,ROMA,NOVEMBER 2005
MTSD,BELGIUM,BE,BMTS,S,MTS DENMARK,,BRUSSELS,NOVEMBER 2005
MTSF,BELGIUM,BE,BMTS,S,MTS FINLAND,,BRUSSELS,NOVEMBER 2005
MTSG,UNITED KINGDOM,GB,XMTS,S,MTS GREECE,,LONDON,FEBRUARY 2011
MTSM,ITALY,IT,MTSC,S,MTS CORPORATE MARKET,MTS ITALY,ROMA,JANUARY 2008
MTSS,UNITED KINGDOM,GB,XMTS,S,MTS INTERDEALER SWAPS MARKET,,LONDON,APRIL 2015
MTSW,UNITED KINGDOM,GB,XMTS,S,MTS SWAP MARKET,STF,LONDON,JULY 2014
MTUS,UNITED STATES OF AMERICA,US,MTUS,O,MTS US,,NEW YORK,AUGUST 2014
MTXC,UNITED STATES OF AMERICA,US,MTXM,S,MARKETAXESS CORPORATION SINGLE-NAME CDS CENTRAL LIMIT ORDER,,NEW YORK,FEBRUARY 2014
MTXM,UNITED STATES OF AMERICA,US,MTXM,O,MARKETAXESS CORPORATION MID-X TRADING SYSTEM,,NEW YORK,FEBRUARY 2014
MTXS,UNITED STATES OF AMERICA,US,MTXM,S,MARKETAXESS SEF CORPORATION,,NEW YORK,JULY 2014
MUNA,GERMANY,DE,XMUN,S,BOERSE MUENCHEN - REGULIERTER MARKT,,MUENCHEN,FEBRUARY 2008
MUNB,GERMANY,DE,XMUN,S,BOERSE MUENCHEN - FREIVERKEHR,,MUENCHEN,FEBRUARY 2008
MUNC,GERMANY,DE,XMUN,S,BOERSE MUENCHEN - MARKET MAKER MUNICH - REGULIERTER MARKT,,MUENCHEN,MAY 2014
MUND,GERMANY,DE,XMUN,S,BOERSE MUENCHEN - MARKET MAKER MUNICH - FREIVERKEHR MARKT,,MUENCHEN,MAY 2014
MVCX,ARGENTINA,AR,XBCC,S,MERCADO DE VALORES DE CORDOBA S.A.,,CORDOBA,JANUARY 2011
MYTR,UNITED KINGDOM,GB,MYTR,O,MYTREASURY,,LONDON,SEPTEMBER 2007
N2EX,UNITED KINGDOM,GB,N2EX,O,N2EX,,LONDON,NOVEMBER 2009
NAMX,RUSSIA,RU,NAMX,O,NATIONAL MERCANTILE EXCHANGE,NAMEX,MOSCOW,MARCH 2011
NASB,LITHUANIA,LT,NASB,O,NASDAQ BALTIC,,VILNIUS,FEBRUARY 2015
NASD,UNITED STATES OF AMERICA,US,XNAS,S,NSDQ DARK,NSDQDARK,NEW YORK,MAY 2011
NAVE,UNITED KINGDOM,GB,TRDE,S,NAVESIS-MTF,,LONDON,MARCH 2012
NBLX,UNITED STATES OF AMERICA,US,NBLX,O,NOBLE EXCHANGE,,NEW YORK,JULY 2015
NBOT,INDIA,IN,NBOT,O,NATIONAL BOARD OF TRADE LIMITED,,INDORE MADHYA PRADESH,JANUARY 2009
NCEL,PAKISTAN,PK,NCEL,O,PAKISTAN MERCANTILE EXCHANGE,PMEX,KARACHI,AUGUST 2013
NDCM,UNITED KINGDOM,GB,NDCM,O,ICE ENDEX OCM GAS SPOT,OCM,LONDON,DECEMBER 2014
NDEX,THE NETHERLANDS,NL,NDEX,O,ICE ENDEX DERIVATIVES,ICE ENDEX,AMSTERDAM,JULY 2013
NDXS,THE NETHERLANDS,NL,NDEX,S,ICE ENDEX - SPOT MARKET,ICE ENDEX,AMSTERDAM,FEBRUARY 2014
NEOE,CANADA,CA,NEOE,O,AEQUITAS NEO EXCHANGE,NEO EXCHANGE,TORONTO,JULY 2014
NEXO,NORWAY,NO,NEXO,O,NOREXECO AS,NOREXECO,KONGSVINGER,JANUARY 2014
NFSA,UNITED STATES OF AMERICA,US,NFSC,S,FIDELITY CROSSSTREAM,,BOSTON,SEPTEMBER 2014
NFSC,UNITED STATES OF AMERICA,US,NFSC,O,"NATIONAL FINANCIAL SERVICES, LLC",,BOSTON,FEBRUARY 2011
NFSD,UNITED STATES OF AMERICA,US,NFSC,S,FIDELITY DARK,,BOSTON,MAY 2011
NGXC,CANADA,CA,NGXC,O,NATURAL GAS EXCHANGE,NGX,CALGARY,MAY 2010
NIBR,NORWAY,NO,XOSL,S,NORWEGIAN INTER BANK OFFERED RATE,NIBOR,OSLO,JULY 2013
NILX,EGYPT,EG,NILX,O,NILE STOCK EXCHANGE,,CAIRO,JANUARY 2011
NLPX,THE NETHERLANDS,NL,NLPX,O,APX POWER NL,,AMSTERDAM,JUNE 2006
NMCE,INDIA,IN,NMCE,O,NATIONAL MULTI-COMMODITY EXCHANGE OF INDIA,,AHMEDABAD,NOVEMBER 2007
NMRA,UNITED STATES OF AMERICA,US,NMRA,O,NOMURA SECURITIES INTERNATIONAL,,NEW YORK,SEPTEMBER 2012
NMRJ,JAPAN,JP,NMRJ,O,NOMURA SECURITIES CO LTD,NSC,TOKYO,FEBRUARY 2014
NMTF,SWEDEN,SE,XNGM,S,NORDIC MTF,,STOCKHOLM,NOVEMBER 2007
NODX,UNITED STATES OF AMERICA,US,NODX,O,NODAL EXCHANGE,,VIENNA,DECEMBER 2009
NOFF,UNITED KINGDOM,GB,NOFF,O,NOMURA OTC TRADES,,LONDON,APRIL 2012
NOPS,NORWAY,NO,NOPS,O,NORD POOL SPOT AS,,TRONDHEIM,JUNE 2011
NORX,NORWAY,NO,NORX,O,NASDAQ OMX COMMODITIES,,OSLO,MAY 2011
NOSC,NORWAY,NO,NOSC,O,NOS CLEARING ASA,NOS,OSLO,DECEMBER 2013
NOTC,NORWAY,NO,NOTC,O,NORWEGIAN OVER THE COUNTER MARKET,NOTC,OSLO,JUNE 2005
NPGA,DENMARK,DK,NPGA,O,GASPOINT NORDIC A/S,GPN,COPENHAGEN,MARCH 2015
NSXB,AUSTRALIA,AU,NSXB,O,BENDIGO STOCK EXCHANGE LIMITED,BSX,MELBOURNE,JUNE 2007
NURD,UNITED KINGDOM,GB,NURO,S,NASDAQ EUROPE (NURO) DARK,NURODARK,LONDON,MAY 2011
NURO,UNITED KINGDOM,GB,NURO,O,NASDAQ OMX EUROPE,,LONDON,SEPTEMBER 2008
NXEU,UNITED KINGDOM,GB,NXEU,O,NX,,LONDON,JUNE 2009
NXJP,JAPAN,JP,NMRJ,S,NX JAPAN,NXJP,TOKYO,FEBRUARY 2014
NXSE,JAPAN,JP,NMRJ,S,NX SELECT JAPAN,NXSE,TOKYO,JULY 2015
NXUS,UNITED STATES OF AMERICA,US,NXUS,O,NX ATS - CROSSING PLATFORM,,NEW YORK,FEBRUARY 2011
NXVW,JAPAN,JP,NMRJ,S,NX VWAP,NXVWAP,TOKYO,OCTOBER 2014
NYFX,UNITED STATES OF AMERICA,US,BNYC,S,MILLENNIUM,,NEW YORK,OCTOBER 2010
NYMS,UNITED STATES OF AMERICA,US,XCME,S,CME SWAPS MARKETS (NYMEX),,NEW YORK,OCTOBER 2013
NYPC,UNITED STATES OF AMERICA,US,NYPC,O,NEW YORK PORTFOLIO CLEARING,NYPC,NEW YORK,APRIL 2012
NYSD,UNITED STATES OF AMERICA,US,XNYS,S,NYSE DARK,NYSEDARK,NEW YORK,MAY 2011
NZFX,NEW ZEALAND,NZ,NZFX,O,NEW ZEALAND FUTURES & OPTIONS,NZFOX,AUCKLAND,SEPTEMBER 2007
OMEL,SPAIN,ES,OMEL,O,OMI POLO ESPANOL S.A. (OMIE),OMIE,MADRID,NOVEMBER 2014
OMGA,CANADA,CA,OMGA,O,OMEGA ATS,,TORONTO,JANUARY 2008
OMIC,PORTUGAL,PT,OMIC,O,THE IBERIAN ENERGY CLEARING HOUSE,OMICLEAR,LISBOA,JUNE 2013
OMIP,PORTUGAL,PT,XLIS,S,OPERADOR DE MERCADO IBERICO DE ENERGIA - PORTUGAL,OMIP,LISBOA,MAY 2007
OOTC,UNITED STATES OF AMERICA,US,FINR,S,OTHER OTC,,WASHINGTON,APRIL 2013
OPEX,PORTUGAL,PT,OPEX,O,PEX-PRIVATE EXCHANGE,OPEX,LISBOA,JUNE 2005
OPRA,UNITED STATES OF AMERICA,US,OPRA,O,OPTIONS PRICE REPORTING AUTHORITY,OPRA,CHICAGO,DECEMBER 2011
OSLC,NORWAY,NO,OSLC,O,SIX X-CLEAR AG,,OSLO,JUNE 2015
OTCB,UNITED STATES OF AMERICA,US,OTCM,S,OTCQB MARKETPLACE,,NEW YORK,MAY 2010
OTCM,UNITED STATES OF AMERICA,US,OTCM,O,OTC MARKETS,,NEW YORK,MAY 2012
OTCQ,UNITED STATES OF AMERICA,US,OTCM,S,OTCQX MARKETPLACE,,NEW YORK,AUGUST 2008
OTCX,INDIA,IN,OTCX,O,OTC EXCHANGE OF INDIA,OTCEI,MUMBAI,JUNE 2006
PARX,UNITED KINGDOM,GB,TRDE,S,PARFX,,LONDON,SEPTEMBER 2013
PAVE,SPAIN,ES,PAVE,O,ALTERNATIVE PLATFORM FOR SPANISH SECURITIES,PAVE,BARCELONA,MARCH 2012
PDEX,PHILIPPINES,PH,PDEX,O,PHILIPPINE DEALING AND EXCHANGE CORP,,MAKATI CITY,MAY 2010
PDQD,UNITED STATES OF AMERICA,US,PDQX,S,PDQ ATS DARK,,ILLINOIS,MAY 2011
PDQX,UNITED STATES OF AMERICA,US,PDQX,O,PDQ ATS,,ILLINOIS,MAY 2011
PEEL,UNITED KINGDOM,GB,PEEL,O,PEEL HUNT LLP UK,,LONDON,FEBRUARY 2014
PFTQ,UKRAINE,UA,PFTS,S,PFTS QUOTE DRIVEN,,KIEV,OCTOBER 2010
PFTS,UKRAINE,UA,PFTS,O,PFTS STOCK EXCHANGE,PFTS,KIEV,MAY 2010
PIEU,UNITED KINGDOM,GB,PIEU,O,ARITAS FINANCIAL LTD,,LONDON,FEBRUARY 2012
PINC,UNITED STATES OF AMERICA,US,OTCM,S,OTC PINK CURRENT,,NEW YORK,MAY 2012
PINI,UNITED STATES OF AMERICA,US,OTCM,S,OTC PINK NO INFORMATION,,NEW YORK,MAY 2012
PINL,UNITED STATES OF AMERICA,US,OTCM,S,OTC PINK LIMITED,,NEW YORK,MAY 2012
PINX,UNITED STATES OF AMERICA,US,OTCM,S,OTC PINK MARKETPLACE,,NEW YORK,MARCH 2012
PIPE,UNITED STATES OF AMERICA,US,PIPE,O,ARITAS SECURITIES LLC,,NEW YORK,FEBRUARY 2012
PIRM,UNITED KINGDOM,GB,PIRM,O,PIRUM,,LONDON,JULY 2011
PLDX,UNITED KINGDOM,GB,LOTC,S,PLUS DERIVATIVES EXCHANGE,PLUS-DX,LONDON,AUGUST 2013
PLPD,POLAND,PL,XWAR,S,WARSAW STOCK EXCHANGE/COMMODITIES/POLISH POWER EXCHANGE/COMMODITY DERIVATIVES,WSE,WARSAW,MAY 2015
PLPX,POLAND,PL,XWAR,S,WARSAW STOCK EXCHANGE/COMMODITIES/POLISH POWER EXCHANGE/ENERGY MARKET,,WARSAW,AUGUST 2013
PORT,UNITED KINGDOM,GB,XMTS,S,MTS PORTUGAL,PTE,LONDON,JULY 2014
PRME,UNITED KINGDOM,GB,XMTS,S,MTS PRIME,,LONDON,DECEMBER 2014
PRSE,UNITED STATES OF AMERICA,US,PRSE,O,PRAGMA ATS,,NEW YORK,DECEMBER 2010
PSGM,UNITED STATES OF AMERICA,US,OTCM,S,OTC GREY MARKET,,NEW YORK,MARCH 2012
PULX,UNITED STATES OF AMERICA,US,PULX,O,BLOCKCROSS ATS,,BOSTON,NOVEMBER 2010
PURE,CANADA,CA,XCNQ,S,PURE TRADING,,TORONTO,DECEMBER 2006
PXIL,INDIA,IN,PXIL,O,POWER EXCHANGE INDIA LTD.,,MUMBAI,JULY 2009
QWIX,UNITED KINGDOM,GB,QWIX,O,Q-WIXX PLATFORM,,LONDON,SEPTEMBER 2007
RBCE,UNITED KINGDOM,GB,RBCE,O,RBC EUROPE LIMITED,,LONDON,JUNE 2013
RBSX,UNITED KINGDOM,GB,RBSX,O,RBS CROSS,,LONDON,MAY 2011
RCBX,UNITED STATES OF AMERICA,US,XINS,S,INSTINET RETAIL CBX,RCBX,NEW YORK,FEBRUARY 2014
RICD,UNITED STATES OF AMERICA,US,RICX,S,RIVERCROSS DARK,RIVERX,NARBERTH,MAY 2011
RICX,UNITED STATES OF AMERICA,US,RICX,O,RIVERCROSS,,NARBERTH,MAY 2011
RMTS,UNITED KINGDOM,GB,XMTS,S,MTS ISRAEL,,LONDON,AUGUST 2007
ROCO,TAIWAN,TW,ROCO,O,TAIPEI EXCHANGE,TPEX,TAIPEI,APRIL 2015
ROFX,ARGENTINA,AR,ROFX,O,ROSARIO FUTURE EXCHANGE,ROFEX,ROSARIO,OCTOBER 2009
ROTC,RWANDA,RW,ROTC,O,RWANDA OTC MARKET,RSE,KIGALI,JUNE 2008
RPDX,RUSSIA,RU,RPDX,O,MOSCOW ENERGY EXCHANGE,MOSENEX,MOSCOW,MARCH 2013
RPWC,POLAND,PL,XWAR,S,WARSAW STOCK EXCHANGE/BONDS/CATALYST/BONDSPOT/REGULATED MARKET,,WARSAW,AUGUST 2013
RSEX,RWANDA,RW,RSEX,O,RWANDA STOCK EXCHANGE,RSE,KIGALI,AUGUST 2011
RTSL,UNITED KINGDOM,GB,RTSL,O,REUTERS TRANSACTION SERVICES LIMITED,RTSL,LONDON,AUGUST 2007
RTSX,RUSSIA,RU,MISX,S,MOSCOW EXCHANGE-DERIVATIVES AND CLASSICA MARKET,MOEX,MOSCOW,JULY 2013
RUSX,RUSSIA,RU,RUSX,O,NON-PROFIT PARTNERSHIP FOR THE DEVELOPMENT OF FINANCIAL MARKET RTS,NP RTS,MOSCOW,JANUARY 2015
SBIJ,JAPAN,JP,SBIJ,O,SBI JAPANNEXT-J-MARKET,,TOKYO,JUNE 2012
SBIU,JAPAN,JP,SBIJ,S,SBI JAPANNEXT - U  - MARKET,,TOKYO,JANUARY 2015
SBIV,JAPAN,JP,SBIJ,S,SBI JAPANNEXT - VWAP CROSSING,,TOKYO,JULY 2013
SBMF,ROMANIA,RO,BMFX,S,SPOT REGULATED MARKET - BMFMS,,SIBIU,FEBRUARY 2010
SEBX,SWEDEN,SE,SEBX,O,SEB - LIQUIDITY POOL,SEB,STOCKHOLM,NOVEMBER 2012
SECF,UNITED KINGDOM,GB,SECF,O,SECFINEX,,LONDON,JANUARY 2009
SEDX,ITALY,IT,XMIL,S,SECURITISED DERIVATIVES MARKET,SEDEX,MILANO,SEPTEMBER 2007
SELC,BRAZIL,BR,SELC,O,SISTEMA ESPECIAL DE LIQUIDACAO E CUSTODIA DE TITULOS PUBLICOS,,RIO DE JANEIRO,JANUARY 2011
SEND,SPAIN,ES,BMEX,S,SEND - SISTEMA ELECTRONICO DE NEGOCIACION DE DEUDA,SEND,MADRID,OCTOBER 2013
SEPE,UKRAINE,UA,SEPE,O,STOCK EXCHANGE PERSPECTIVA,,DNIPROPETROVSK,MAY 2010
SGEX,CHINA,CN,SGEX,O,SHANGHAI GOLD EXCHANGE,SGE,SHANGHAI,JUNE 2006
SGMA,UNITED STATES OF AMERICA,US,SGMA,O,GOLDMAN SACH MTF,,NEW YORK,MARCH 2008
SGMX,UNITED KINGDOM,GB,SGMX,O,SIGMA X MTF,,LONDON,FEBRUARY 2010
SHAD,UNITED STATES OF AMERICA,US,SHAW,S,D.E. SHAW DARK,,NEW YORK,MAY 2011
SHAR,UNITED KINGDOM,GB,SHAR,O,ASSET MATCH,,AYLESBURY,DECEMBER 2012
SHAW,UNITED STATES OF AMERICA,US,SHAW,O,D.E. SHAW,,NEW YORK,MAY 2011
SHSC,HONG KONG,HK,XHKG,S,STOCK EXCHANGE OF HONG KONG LIMITED - SHANGHAI - HONG KONG STOCK CONNECT,SEHK,HONG KONG,AUGUST 2014
SIGA,AUSTRALIA,AU,SIGA,O,SIGMA X AUSTRALIA,,SYDNEY,FEBRUARY 2012
SIGH,HONG KONG,HK,SIGH,O,SIGMA X HONG KONG,GSET,HONG-KONG,MARCH 2012
SIGJ,JAPAN,JP,SIGJ,O,SIGMA X JAPAN,,TOKYO,FEBRUARY 2012
SIMV,AUSTRALIA,AU,SIMV,O,SIM VENTURE SECURITIES EXCHANGE,,SYDNEY,DECEMBER 2011
SMEX,SINGAPORE,SG,SMEX,O,SINGAPORE MERCANTILE EXCHANGE PTE LTD,,SINGAPORE,DECEMBER 2009
SMTS,UNITED KINGDOM,GB,XMTS,S,MTS SPAIN,,LONDON,FEBRUARY 2011
SOHO,UNITED STATES OF AMERICA,US,SOHO,O,"TWO SIGMA SECURITIES, LLC",SOHO,NEW YORK,AUGUST 2014
SPEC,UNITED KINGDOM,GB,SPEC,O,SPECTRONLIVE,,LONDON,SEPTEMBER 2007
SPIM,RUSSIA,RU,SPIM,O,ST. PETERSBURG INTERNATIONAL MERCANTILE EXCHANGE,SPIMEX,SAINT-PETERSBURG,MARCH 2011
SPRZ,UNITED KINGDOM,GB,SPRZ,O,SPREADZERO,,LONDON,SEPTEMBER 2009
SPXE,SLOVAKIA,SK,SPXE,O,SPX,SPX,ZILINA,JUNE 2015
SSEX,UNITED KINGDOM,GB,SSEX,O,SOCIAL STOCK EXCHANGE,SSE,LONDON,JULY 2013
SSOB,ITALY,IT,MTSC,S,BOND VISION CORPORATE,,ROMA,MAY 2010
SSTX,UNITED STATES OF AMERICA,US,SSTX,O,E-EXCHANGE,EEXCHANGE,BOSTON,MARCH 2012
STOX,SWITZERLAND,CH,STOX,O,STOXX LIMITED,,ZURICH,MARCH 2013
STRT,CZECH REPUBLIC,CZ,XPRA,S,PRAGUE STOCK EXCHANGE - START (MTF),PSE,PRAGUE,MARCH 2014
STUA,GERMANY,DE,XSTU,S,BOERSE STUTTGART - REGULIERTER MARKT,,STUTTGART,FEBRUARY 2008
STUB,GERMANY,DE,XSTU,S,BOERSE STUTTGART - FREIVERKEHR,,STUTTGART,FEBRUARY 2008
SWAP,UNITED KINGDOM,GB,SWAP,O,SWAPSTREAM,,LONDON,SEPTEMBER 2007
TBEN,UNITED KINGDOM,GB,XTUP,S,TULLETT PREBON PLC - TULLETT PREBON ENERGY,,LONDON,MARCH 2015
TBLA,UNITED KINGDOM,GB,XTUP,S,TULLETT PREBON PLC - TP TRADEBLADE,,LONDON,JUNE 2008
TBSP,POLAND,PL,XWAR,S,WARSAW STOCK EXCHANGE/BONDS/BONDSPOT/TREASURY BOND MARKET,,WARSAW,AUGUST 2013
TCDS,UNITED KINGDOM,GB,TRDE,S,TRADITION CDS,,LONDON,AUGUST 2007
TCME,UNITED KINGDOM,GB,TRDE,S,TFS CME DIRECT,,LONDON,NOVEMBER 2012
TERA,UNITED STATES OF AMERICA,US,TERA,O,TERAEXCHANGE,,NEW JERSEY,DECEMBER 2012
TFEX,THAILAND,TH,TFEX,O,THAILAND FUTURES EXCHANGE,TFEX,BANGKOK,JUNE 2006
TFSA,SINGAPORE,SG,TFSA,O,TFS GREEN AUSTRALIAN GREEN MARKETS,TFS,SINGAPORE,MARCH 2012
TFSG,UNITED KINGDOM,GB,TRDE,S,TRADITION ENERGY,,LONDON,JANUARY 2014
TFSU,UNITED STATES OF AMERICA,US,TFSU,O,TFS GREEN UNITED STATES GREEN MARKETS,TFS,NEW YORK,MARCH 2012
TFSV,UNITED KINGDOM,GB,TFSV,O,VOLBROKER,,LONDON,AUGUST 2007
TGAT,GERMANY,DE,TGAT,O,TRADEGATE EXCHANGE,,BERLIN,AUGUST 2012
TMXS,CANADA,CA,TMXS,O,TMX SELECT,,TORONTO,DECEMBER 2010
TNLA,THE NETHERLANDS,NL,XAMS,S,EURONEXT - TRADED BUT NOT LISTED AMSTERDAM,,AMSTERDAM,APRIL 2015
TNLB,BELGIUM,BE,XBRU,S,EURONEXT - TRADING FACILITY BRUSSELS,,BRUSSELS,APRIL 2015
TOCP,HONG KONG,HK,TOCP,O,TORA CROSSPOINT,,HONG KONG,APRIL 2011
TOMD,THE NETHERLANDS,NL,TOMX,S,TOM MTF DERIVATIVES MARKET,,AMSTERDAM,JUNE 2011
TOMX,THE NETHERLANDS,NL,TOMX,O,TOM MTF CASH MARKETS,,AMSTERDAM,JUNE 2011
TPCD,UNITED KINGDOM,GB,XTUP,S,TULLETT PREBON PLC - TP CREDITDEAL,,LONDON,JUNE 2008
TPEQ,UNITED KINGDOM,GB,XTUP,S,TULLETT PREBON PLC - TP EQUITYTRADE,,LONDON,NOVEMBER 2012
TPFD,UNITED KINGDOM,GB,XTUP,S,TULLETT PREBON PLC - TP FORWARDDEAL,,LONDON,APRIL 2012
TPIE,UNITED KINGDOM,GB,TPIE,O,THE PROPERTY INVESTMENT EXCHANGE,PROPEX,LONDON,MARCH 2013
TPRE,UNITED KINGDOM,GB,XTUP,S,TULLETT PREBON PLC - TP REPO,,LONDON,JUNE 2008
TPSD,UNITED KINGDOM,GB,XTUP,S,TULLETT PREBON PLC - TP SWAPDEAL,,LONDON,APRIL 2011
TPSP,UNITED KINGDOM,GB,XTUP,S,TULLETT PREBON PLC - TP SPOTDEAL,,LONDON,AUGUST 2012
TRCK,UNITED STATES OF AMERICA,US,TRCK,O,TRACK ECN,,NEW YORK,DECEMBER 2010
TRDE,UNITED KINGDOM,GB,TRDE,O,TRADITION ELECTRONIC TRADING PLATFORM,,LONDON,OCTOBER 2010
TRDX,UNITED KINGDOM,GB,TRDE,S,TRAD-X,TRAD-X,LONDON,MARCH 2012
TREU,UNITED KINGDOM,GB,TREU,O,TRADEWEB EUROPE LIMITED,,LONDON,NOVEMBER 2014
TRPX,REPUBLIC OF SEYCHELLES,SC,TRPX,O,TROP-X,,EDEN ISLAND,DECEMBER 2012
TRQM,UNITED KINGDOM,GB,TRQX,S,TURQUOISE DARK,TQDARK,LONDON,MAY 2011
TRQX,UNITED KINGDOM,GB,TRQX,O,TURQUOISE,,LONDON,SEPTEMBER 2007
TRU1,UNITED STATES OF AMERICA,US,TRUX,S,TRUEEX LLC - DESIGNATED CONTRACT MARKET (DMC),,NEW YORK,JULY 2014
TRU2,UNITED STATES OF AMERICA,US,TRUX,S,TRUEEX LLC - SEF (SWAP EXECUTION FACILITY),,NEW YORK,JULY 2014
TRUX,UNITED STATES OF AMERICA,US,TRUX,O,TRUEEX LLC,,NEW YORK,SEPTEMBER 2013
TRWB,UNITED STATES OF AMERICA,US,TRWB,O,TRADEWEB LLC,,JERSEY CITY,JUNE 2005
TSBX,UNITED STATES OF AMERICA,US,TSBX,O,TRIPLESHOT,,BOSTON,AUGUST 2013
TSEF,UNITED STATES OF AMERICA,US,TSEF,O,TRADITION SEF,,NEW YORK,JULY 2014
TWSF,UNITED STATES OF AMERICA,US,TRWB,S,TW SEF LLC,TWSEF,NEW YORK,JULY 2014
UBSA,UNITED STATES OF AMERICA,US,UBSA,O,UBS ATS,UBS ATS,NEW YORK,FEBRUARY 2012
UBSC,SWITZERLAND,CH,UBSG,S,UBS PIN-FX,,ZURICH,SEPTEMBER 2013
UBSF,SWITZERLAND,CH,UBSG,S,UBS FX,,ZURICH,SEPTEMBER 2013
UBSG,SWITZERLAND,CH,UBSG,O,UBS TRADING,,ZURICH,AUGUST 2013
UBSP,UNITED STATES OF AMERICA,US,UBSA,S,UBS PIN (UBS PRICE IMPROVEMENT NETWORK),,STAMFORD,MARCH 2012
UBSX,HONG KONG,HK,UBSX,O,UBS CROSS,,HONG KONG,MARCH 2012
UKEX,UKRAINE,UA,UKEX,O,UKRAINIAN EXCHANGE,,KIEV,DECEMBER 2011
UKGD,UNITED KINGDOM,GB,UKGD,O,UK GILTS MARKET,,LONDON,JULY 2011
UKPX,UNITED KINGDOM,GB,UKPX,O,APX POWER UK,,LONDON,JUNE 2006
ULTX,UGANDA,UG,ULTX,O,ALT XCHANGE (U),ALTX UGANDA,KAMPALA,APRIL 2014
VEGA,UNITED KINGDOM,GB,VEGA,O,VEGA-CHI,,LONDON,SEPTEMBER 2009
VMFX,FAROE ISLANDS,FO,VMFX,O,THE FAROESE SECURITIES MARKET,,TORSHAVN,AUGUST 2011
VMTS,UNITED KINGDOM,GB,XMTS,S,MTS SLOVENIA,,LONDON,AUGUST 2007
VOLA,UNITED KINGDOM,GB,TRDE,S,TRADITION - VOLATIS,,LONDON,JUNE 2012
VPXB,BELGIUM,BE,XBRU,S,EURONEXT - VENTES PUBLIQUES BRUSSELS,,BRUSSELS,APRIL 2015
VTEX,UNITED STATES OF AMERICA,US,BNYC,S,VORTEX,,NEW YORK,MARCH 2009
WBAH,AUSTRIA,AT,XWBO,S,WIENER BOERSE AG AMTLICHER HANDEL (OFFICIAL MARKET),,VIENNA,JULY 2007
WBCL,POLAND,PL,XWAR,S,WARSAW STOCK EXCHANGE/BONDS/CATALYST/LISTING,,WARSAW,AUGUST 2013
WBDM,AUSTRIA,AT,XWBO,S,WIENER BOERSE AG DRITTER MARKT (THIRD MARKET),,VIENNA,JULY 2007
WBGF,AUSTRIA,AT,XWBO,S,WIENER BOERSE AG GEREGELTER FREIVERKEHR (SECOND REGULATED MARKET),,VIENNA,FEBRUARY 2015
WBON,POLAND,PL,XWAR,S,WARSAW STOCK EXCHANGE/ BONDS/CATALYST/MAIN MARKET,,WARSAW,AUGUST 2013
WCLK,UNITED KINGDOM,GB,ICAP,S,ICAP WCLK,,LONDON,JUNE 2007
WDER,POLAND,PL,XWAR,S,WARSAW STOCK EXCHANGE/FINANCIAL DERIVATIVES,,WARSAW,AUGUST 2013
WELX,UNITED STATES OF AMERICA,US,WELX,O,WELLS FARGO LIQUIDITY CROSS ATS,,NEW YORK,JUNE 2012
WETP,POLAND,PL,XWAR,S,WARSAW STOCK EXCHANGE/ ETPS,,WARSAW,AUGUST 2013
WGAS,POLAND,PL,XWAR,S,WARSAW STOCK EXCHANGE/COMMODITIES/POLISH POWER EXCHANGE/GAS,,WARSAW,AUGUST 2013
WIND,POLAND,PL,XWAR,S,WARSAW STOCK EXCHANGE/INDICES,,WARSAW,AUGUST 2013
WINS,UNITED KINGDOM,GB,WINS,O,WINTERFLOOD SECURITIES LIMITED,WINS,LONDON,OCTOBER 2014
WMTF,POLAND,PL,XWAR,S,WARSAW STOCK EXCHANGE/BONDS/CATALYST/MTF,,WARSAW,AUGUST 2013
WQXL,PORTUGAL,PT,XLIS,S,EURONEXT - MARKET WITHOUT QUOTATIONS LISBON,,LISBOA,APRIL 2015
WSAG,UNITED STATES OF AMERICA,US,WSAG,O,WALL STREET ACCESS,WSAG,NEW YORK,FEBRUARY 2015
XADE,GREECE,GR,ASEX,S,ATHENS EXCHANGE S.A. DERIVATIVES MARKET,ATHEXD,ATHENS,NOVEMBER 2007
XADF,UNITED STATES OF AMERICA,US,FINR,S,FINRA ALTERNATIVE DISPLAY FACILITY (ADF),,WASHINGTON/NEW YORK,APRIL 2013
XADS,UNITED ARAB EMIRATES,AE,XADS,O,ABU DHABI SECURITIES EXCHANGE,ADSM,ABU DHABI,JUNE 2011
XAFR,FRANCE,FR,XAFR,O,ALTERNATIVA FRANCE,,PARIS,JUNE 2008
XAFX,MAURITIUS,MU,XAFX,O,AFRICAN STOCK EXCHANGE,,EBENE CITY,AUGUST 2014
XAIM,ITALY,IT,XMIL,S,AIM ITALIA - MERCATO ALTERNATIVO DEL CAPITALE,,MILANO,APRIL 2012
XALG,ALGERIA,DZ,XALG,O,ALGIERS STOCK EXCHANGE,,ALGIERS,JUNE 2005
XALT,UNITED KINGDOM,GB,XALT,O,ALTEX-ATS,,LONDON,JUNE 2007
XAMM,JORDAN,JO,XAMM,O,AMMAN STOCK EXCHANGE,ASE,AMMAN,JUNE 2005
XAMS,THE NETHERLANDS,NL,XAMS,O,EURONEXT - EURONEXT AMSTERDAM,,AMSTERDAM,APRIL 2015
XAQS,UNITED STATES OF AMERICA,US,XAQS,O,AUTOMATED EQUITY FINANCE MARKETS,AQS,NEW YORK,OCTOBER 2008
XARM,ARMENIA,AM,XARM,O,NASDAQ OMX ARMENIA,ARMEX,YEREVAN,FEBRUARY 2011
XASE,UNITED STATES OF AMERICA,US,XNYS,S,NYSE MKT LLC,AMEX,NEW YORK,JUNE 2012
XASX,AUSTRALIA,AU,XASX,O,ASX - ALL MARKETS,ASX,SYDNEY,JUNE 2012
XATH,GREECE,GR,ASEX,S,ATHENS EXCHANGE S.A. CASH MARKET,ATHEXC,ATHENS,NOVEMBER 2007
XATL,IRELAND,IE,XDUB,S,ATLANTIC SECURITIES MARKET,ISE,DUBLIN,JANUARY 2015
XATS,CANADA,CA,XATS,O,ALPHA EXCHANGE,,TORONTO,MAY 2012
XBAA,BAHAMAS,BS,XBAA,O,BAHAMAS INTERNATIONAL SECURITIES EXCHANGE,BISX,NASAU,JUNE 2005
XBAB,BARBADOS,BB,XBAB,O,BARBADOS STOCK EXCHANGE,BSE,BRIDGETOWN,JUNE 2005
XBAH,BAHRAIN,BH,XBAH,O,BAHRAIN BOURSE,BSE,MANAMA,JUNE 2011
XBAN,INDIA,IN,XBAN,O,BANGALORE STOCK EXCHANGE LTD,,BANGALORE,JUNE 2005
XBAR,SPAIN,ES,BMEX,S,BOLSA DE BARCELONA,,BARCELONA,JUNE 2011
XBBJ,INDONESIA,ID,XBBJ,O,JAKARTA FUTURES EXCHANGE (BURSA BERJANGKA JAKARTA),BBJ,JAKARTA,JUNE 2005
XBBK,CANADA,CA,XBBK,O,PERIMETER FINANCIAL CORP. - BLOCKBOOK ATS,,TORONTO,MAY 2008
XBCC,ARGENTINA,AR,XBCC,O,BOLSA DE COMERCIO DE CORDOBA,,CORDOBA,JANUARY 2011
XBCL,CHILE,CL,XBCL,O,LA BOLSA ELECTRONICA DE CHILE,BOLCHILE,SANTIAGO,JUNE 2005
XBCM,ARGENTINA,AR,XBCM,O,BOLSA DE COMERCIO DE MENDOZA S.A.,,MENDOZA,JANUARY 2011
XBCV,HONDURAS,HN,XBCV,O,BOLSA CENTROAMERICANA DE VALORES S.A.,BCV,TEGUCIGALPA,JUNE 2005
XBCX,ARGENTINA,AR,XBCM,S,MERCADO DE VALORES DE MENDOZA S.A.,,MENDOZA,JANUARY 2011
XBDA,BERMUDA,BM,XBDA,O,BERMUDA STOCK EXCHANGE LTD,BSX,HAMILTON,JUNE 2005
XBEL,SERBIA (REPUBLIC OF),RS,XBEL,O,BELGRADE STOCK EXCHANGE,BELEX,BELGRADE,DECEMBER 2014
XBER,GERMANY,DE,XBER,O,BOERSE BERLIN,,BERLIN,SEPTEMBER 2007
XBES,SOUTH AFRICA,ZA,XJSE,S,JSE CASH BOND MARKET,BESA,JOHANNESBURG,APRIL 2015
XBEY,LEBANON,LB,XBEY,O,BOURSE DE BEYROUTH - BEIRUT STOCK EXCHANGE,BSE,BEIRUT,APRIL 2009
XBIL,SPAIN,ES,BMEX,S,BOLSA DE VALORES DE BILBAO,,BILBAO,JUNE 2005
XBKF,THAILAND,TH,XBKK,S,STOCK EXCHANGE OF THAILAND - FOREIGN BOARD,SET,BANGKOK,JUNE 2005
XBKK,THAILAND,TH,XBKK,O,STOCK EXCHANGE OF THAILAND,SET,BANGKOK,JUNE 2005
XBLB,BOSNIA AND HERZEGOVINA,BA,XBLB,O,BANJA LUKA STOCK EXCHANGE,,BANJA LUKA,OCTOBER 2005
XBLN,FRANCE,FR,XBLN,O,BLUENEXT,,PARIS,APRIL 2011
XBNV,COSTA RICA,CR,XBNV,O,"BOLSA NACIONAL DE VALORES, S.A.",BNV,SAN JOSE,JUNE 2005
XBOG,COLOMBIA,CO,XBOG,O,BOLSA DE VALORES DE COLOMBIA,BVC,BOGOTA,JUNE 2005
XBOL,BOLIVIA,BO,XBOL,O,BOLSA BOLIVIANA DE VALORES S.A.,,LA PAZ,JUNE 2005
XBOM,INDIA,IN,XBOM,O,BSE LTD,MSE,MUMBAI,SEPTEMBER 2011
XBOS,UNITED STATES OF AMERICA,US,XNAS,S,NASDAQ OMX BX,BSE,NEW YORK,APRIL 2012
XBOT,BOTSWANA,BW,XBOT,O,BOTSWANA STOCK EXCHANGE,,GABORONE,JUNE 2005
XBOX,UNITED STATES OF AMERICA,US,XBOX,O,BOSTON OPTIONS EXCHANGE,BOX,BOSTON,JUNE 2005
XBRA,SLOVAKIA,SK,XBRA,O,BRATISLAVA STOCK EXCHANGE,BSSE,BRATISLAVA,JUNE 2005
XBRD,BELGIUM,BE,XBRU,S,EURONEXT - EURONEXT BRUSSELS - DERIVATIVES,,BRUSSELS,APRIL 2015
XBRM,ROMANIA,RO,XBRM,O,ROMANIAN  COMMODITIES EXCHANGE,BRM,BUCHAREST,JUNE 2005
XBRN,SWITZERLAND,CH,XBRN,O,BX SWISS AG,,BERN,AUGUST 2014
XBRT,UNITED STATES OF AMERICA,US,XNAS,S,BRUT ECN,BRUT,NEW YORK,JUNE 2005
XBRU,BELGIUM,BE,XBRU,O,EURONEXT - EURONEXT BRUSSELS,,BRUSSELS,APRIL 2015
XBRV,IVORY COAST,CI,XBRV,O,BOURSE REGIONALE DES VALEURS MOBILIERES,BRVM,ABIDJAN,JUNE 2005
XBSD,ROMANIA,RO,XBSE,S,DERIVATIVES REGULATED MARKET - BVB,REGF,BUCHAREST,JANUARY 2008
XBSE,ROMANIA,RO,XBSE,O,SPOT REGULATED MARKET - BVB,REGS,BUCHAREST,JANUARY 2008
XBTR,SWITZERLAND,CH,XSWX,S,SIX SWISS BILATERAL TRADING PLATFORM FOR STRUCTURED OTC PRODUCTS, SIX,ZURICH,APRIL 2015
XBUD,HUNGARY,HU,XBUD,O,BUDAPEST STOCK EXCHANGE,,BUDAPEST,JUNE 2005
XBUE,ARGENTINA,AR,XBUE,O,BOLSA DE COMERCIO DE BUENOS AIRES,BCBA,BUENOS AIRES,JANUARY 2011
XBUL,BULGARIA,BG,XBUL,O,BULGARIAN STOCK EXCHANGE,BSE,SOFIA,JUNE 2005
XBVC,CAPE VERDE,CV,XBVC,O,CAPE VERDE STOCK EXCHANGE,BVC,PRAIA,NOVEMBER 2005
XBVM,MOZAMBIQUE,MZ,XBVM,O,MOZAMBIQUE STOCK  EXCHANGE,BVM,MAPUTO,OCTOBER 2014
XBVR,DOMINICAN REPUBLIC,DO,XBVR,O,BOLSA DE VALORES DE LA REPUBLICA DOMINICANA SA.,BVRD,SANTO DOMINGO,JUNE 2005
XBXO,UNITED STATES OF AMERICA,US,XNAS,S,NASDAQ OMX BX OPTIONS,,NEW YORK,APRIL 2012
XCAI,EGYPT,EG,XCAI,O,EGYPTIAN EXCHANGE,CASE,CAIRO,AUGUST 2008
XCAL,INDIA,IN,XCAL,O,CALCUTTA STOCK EXCHANGE,,CALCUTTA,JUNE 2005
XCAN,ROMANIA,RO,XBSE,S,CAN-ATS,,BUCHAREST,OCTOBER 2010
XCAS,MOROCCO,MA,XCAS,O,CASABLANCA STOCK EXCHANGE,,CASABLANCA,JUNE 2005
XCAY,CAYMAN ISLANDS,KY,XCAY,O,CAYMAN ISLANDS STOCK EXCHANGE,,GEORGETOWN,JUNE 2005
XCBF,UNITED STATES OF AMERICA,US,XCBO,S,CBOE FUTURES EXCHANGE,CFE,CHICAGO,JULY 2008
XCBO,UNITED STATES OF AMERICA,US,XCBO,O,CHICAGO BOARD OPTIONS EXCHANGE,CBOE,CHICAGO,JULY 2008
XCBT,UNITED STATES OF AMERICA,US,XCBT,O,CHICAGO BOARD OF TRADE,CBOT,CHICAGO,JUNE 2005
XCDE,IRELAND,IE,XCDE,O,BAXTER FINANCIAL SERVICES,,DUBLIN,MAY 2008
XCEC,UNITED STATES OF AMERICA,US,XNYM,S,COMMODITIES EXCHANGE CENTER,COMEX,NEW YORK,JUNE 2005
XCEG,AUSTRIA,AT,XWBO,S,"WIENER BOERSE AG, CEGH GAS EXCHANGE",,VIENNA,APRIL 2011
XCET,UZBEKISTAN,UZ,XCET,O,UZBEK COMMODITY EXCHANGE,,TASHKENT,SEPTEMBER 2007
XCFE,CHINA,CN,XCFE,O,CHINA FOREIGN EXCHANGE TRADE SYSTEM,CFETS,SHANGHAI,JUNE 2005
XCFF,UNITED STATES OF AMERICA,US,XCFF,O,CANTOR FINANCIAL FUTURES EXCHANGE,CANTOR,NEW YORK,JUNE 2005
XCGS,HONG KONG,HK,XCGS,O,CHINESE GOLD & SILVER EXCHANGE SOCIETY,,HONG KONG,APRIL 2006
XCHG,BANGLADESH,BD,XCHG,O,CHITTAGONG STOCK EXCHANGE LTD.,CSE,CHITTAGONG,JUNE 2005
XCHI,UNITED STATES OF AMERICA,US,XCHI,O,"CHICAGO STOCK EXCHANGE, INC",CHX,CHICAGO,JUNE 2005
XCIE,"GUERNSEY, C.I.",GG,XCIE,O,CHANNEL ISLANDS STOCK EXCHANGE,CISX,ST.  PETER PORT,JUNE 2005
XCIS,UNITED STATES OF AMERICA,US,XCIS,O,NATIONAL STOCK EXCHANGE,,CHICAGO,JUNE 2005
XCME,UNITED STATES OF AMERICA,US,XCME,O,CHICAGO MERCANTILE EXCHANGE,CME,CHICAGO,JUNE 2005
XCNF,ARGENTINA,AR,XCNF,O,BOLSA DE COMERCIO CONFEDERADA S.A.,BCC,CORRIENTES,NOVEMBER 2007
XCNQ,CANADA,CA,XCNQ,O,CANADIAN NATIONAL STOCK EXCHANGE,CNSX,TORONTO,APRIL 2009
XCOL,SRI LANKA,LK,XCOL,O,COLOMBO STOCK EXCHANGE,,COLOMBO,JUNE 2005
XCOR,UNITED KINGDOM,GB,XCOR,O,ICMA,,LONDON,SEPTEMBER 2006
XCSE,DENMARK,DK,XCSE,O,OMX NORDIC EXCHANGE COPENHAGEN A/S,,COPENHAGEN,SEPTEMBER 2007
XCSX,CAMBODIA,KH,XCSX,O,CAMBODIA SECURITIES EXCHANGE,CSX,PHNOM PENH,MAY 2012
XCUE,UZBEKISTAN,UZ,XCUE,O,UZBEKISTAN REPUBLICAN CURRENCY EXCHANGE,,TASHKENT,JUNE 2005
XCUR,UNITED STATES OF AMERICA,US,XCUR,O,CURRENEX,,NEW YORK,FEBRUARY 2009
XCX2,CANADA,CA,CHIC,S,CX2,,TORONTO,DECEMBER 2012
XCYO,CYPRUS,CY,XCYS,S,CYPRUS STOCK EXCHANGE - OTC,,NICOSIA (LEFKOSIA),OCTOBER 2009
XCYS,CYPRUS,CY,XCYS,O,CYPRUS STOCK EXCHANGE,CSE,NICOSIA (LEFKOSIA),JUNE 2005
XDAR,TANZANIA,TZ,XDAR,O,DAR ES  SALAAM STOCK EXCHANGE,,DAR ES SALAAM,JUNE 2005
XDBC,GERMANY,DE,XFRA,S,DEUTSCHE BOERSE AG - CUSTOMIZED INDICES,,FRANKFURT,MARCH 2011
XDBV,GERMANY,DE,XFRA,S,DEUTSCHE BOERSE AG - VOLATILITY INDICES,,FRANKFURT,MARCH 2011
XDBX,GERMANY,DE,XFRA,S,DEUTSCHE BOERSE AG - INDICES,,FRANKFURT,MARCH 2011
XDCE,CHINA,CN,XDCE,O,DALIAN COMMODITY EXCHANGE,DCE,DALIAN,JUNE 2005
XDES,INDIA,IN,XDES,O,DELHI STOCK EXCHANGE,,DELHI,JUNE 2005
XDFB,UKRAINE,UA,XDFB,O,JOINT-STOCK COMPANY “STOCK EXCHANGE INNEX”,,KIEV,MAY 2010
XDFM,UNITED ARAB EMIRATES,AE,XDFM,O,DUBAI FINANCIAL MARKET,DFM,DUBAI,JUNE 2005
XDHA,BANGLADESH,BD,XDHA,O,DHAKA STOCK EXCHANGE LTD,DSE,DHAKA,JUNE 2005
XDMI,ITALY,IT,XMIL,S,ITALIAN DERIVATIVES MARKET,IDEM,MILANO,JUNE 2005
XDPA,SPAIN,ES,XDPA,O,CADE - MERCADO DE DEUDA PUBLICA ANOTADA,,MADRID,JUNE 2005
XDRF,SPAIN,ES,BMEX,S,AIAF - MERCADO DE RENTA FIJA,,MADRID,JUNE 2005
XDSE,SYRIAN ARAB REPUBLIC,SY,XDSE,O,DAMASCUS SECURITIES EXCHANGE,,DAMASCUS,FEBRUARY 2009
XDSM,TURKEY,TR,XIST,S,BORSA ISTANBUL - DEBT SECURITIES MARKET,,ISTANBUL,JANUARY 2014
XDSX,CAMEROON,CM,XDSX,O,DOUALA STOCK EXCHANGE,,DOUALA,MAY 2008
XDUB,IRELAND,IE,XDUB,O,IRISH STOCK EXCHANGE - ALL MARKET,ISE,DUBLIN,NOVEMBER 2007
XDUS,GERMANY,DE,XDUS,O,BOERSE DUESSELDORF,,DUESSELDORF,SEPTEMBER 2007
XECB,GERMANY,DE,XECB,O,ECB EXCHANGE RATES,,FRANKFURT,NOVEMBER 2012
XECC,GERMANY,DE,XECC,O,EUROPEAN COMMODITY CLEARING AG,ECC,LEIPZIG,MAY 2012
XECM,CYPRUS,CY,XCYS,S,MTF - CYPRUS EXCHANGE,,NICOSIA,MAY 2009
XECS,SAINT KITTS AND NEVIS,KN,XECS,O,EASTERN CARIBBEAN SECURITIES EXCHANGE,ECSE,BASSETERRE,JUNE 2005
XEEE,GERMANY,DE,XEEE,O,EUROPEAN ENERGY EXCHANGE AG,,FRANKFURT,JUNE 2005
XELX,UNITED STATES OF AMERICA,US,XELX,O,ELX,,NEW YORK,JUNE 2009
XEMD,MEXICO,MX,XEMD,O,MERCADO MEXICANO DE DERIVADOS,MEXDER,MEXICO,JUNE 2005
XEMS,THE NETHERLANDS,NL,XEMS,O,EMS EXCHANGE,,S-HERTOGENBOSCH,SEPTEMBER 2012
XEQT,GERMANY,DE,XBER,S,BOERSE BERLIN EQUIDUCT TRADING,,BERLIN,MAY 2008
XEQY,TURKEY,TR,XIST,S,BORSA ISTANBUL - EQUITY MARKET,,ISTANBUL,JANUARY 2014
XERE,GERMANY,DE,XEUR,S,EUREX REPO - FUNDING AND FINANCING PRODUCTS,,FRANKFURT,APRIL 2014
XESM,IRELAND,IE,XDUB,S,DUBLIN - IRISH STOCK EXCHANGE - ENTREPRISE SECURITIES MARKET (ESM)- ISE XETRA,ISE,DUBLIN,JANUARY 2013
XETA,GERMANY,DE,XFRA,S,XETRA - REGULIERTER MARKT,XETRA,FRANKFURT,MARCH 2008
XETB,GERMANY,DE,XFRA,S,XETRA - FREIVERKEHR,XETRA,FRANKFURT,MARCH 2008
XETR,GERMANY,DE,XFRA,S,XETRA,XETRA,FRANKFURT,JUNE 2005
XEUB,GERMANY,DE,XEUR,S,EUREX BONDS,,FRANKFURT,JUNE 2005
XEUC,THE NETHERLANDS,NL,XAMS,S,"EURONEXT COM, COMMODITIES FUTURES AND OPTIONS",,AMSTERDAM,JUNE 2005
XEUE,THE NETHERLANDS,NL,XAMS,S,"EURONEXT EQF, EQUITIES AND INDICES DERIVATIVES",,AMSTERDAM,JUNE 2005
XEUI,THE NETHERLANDS,NL,XAMS,S,"EURONEXT IRF, INTEREST RATE FUTURE AND OPTIONS",,AMSTERDAM,JUNE 2005
XEUM,GERMANY,DE,XEUM,O,EUREX REPO SECLEND MARKET,,FRANKFURT,JANUARY 2012
XEUP,GERMANY,DE,XEUR,S,EUREX REPO GMBH,,FRANKFURT,NOVEMBER 2005
XEUR,GERMANY,DE,XEUR,O,EUREX DEUTSCHLAND,,FRANKFURT,JUNE 2005
XEYE,IRELAND,IE,XDUB,S,IRISH STOCK EXCHANGE - GEM - XETRA,ISE XETRA,DUBLIN,MARCH 2012
XFCI,UNITED STATES OF AMERICA,US,XFCI,O,FINANCIALCONTENT INDEXES,,FOSTER CITY,FEBRUARY 2009
XFEX,AUSTRALIA,AU,XFEX,O,FINANCIAL AND ENERGY EXCHANGE GROUP,FEX,SYDNEY,NOVEMBER 2014
XFKA,JAPAN,JP,XFKA,O,FUKUOKA STOCK EXCHANGE,,FUKUOKA,JUNE 2005
XFND,DENMARK,DK,XCSE,S,FIRST NORTH DENMARK,,COPENHAGEN,NOVEMBER 2007
XFNO,TURKEY,TR,XIST,S,BORSA ISTANBUL - FUTURES AND OPTIONS MARKET,,ISTANBUL,JANUARY 2014
XFRA,GERMANY,DE,XFRA,O,DEUTSCHE BOERSE AG,,FRANKFURT,JUNE 2005
XGAS,HUNGARY,HU,XGAS,O,CENTRAL EASTERN EUROPEAN GAS EXCHANGE LTD,,BUDAPEST,MAY 2013
XGAT,GERMANY,DE,TGAT,S,TRADEGATE EXCHANGE - FREIVERKEHR,,BERLIN,MAY 2010
XGCL,UNITED KINGDOM,GB,XGCL,O,GLOBAL COAL LIMITED,GLOBALCOAL,LONDON,AUGUST 2013
XGCX,UNITED KINGDOM,GB,GMEG,S,GLOBAL COMMODITIES EXCHANGE,GCX,LONDON,JUNE 2013
XGDX,UNITED KINGDOM,GB,GMEG,S,GLOBAL DERIVATIVES EXCHANGE,GDX,LONDON,JUNE 2013
XGEM,HONG KONG,HK,XHKG,S,HONG KONG GROWTH ENTERPRISES MARKET,HK GEM,HONG KONG,JUNE 2005
XGHA,GHANA,GH,XGHA,O,GHANA STOCK EXCHANGE,,ACCRA,JUNE 2005
XGME,ITALY,IT,XGME,O,GESTORE MERCATO ELETTRICO - ITALIAN POWER EXCHANGE,IPEX/GME,ROMA,APRIL 2009
XGMX,UNITED STATES OF AMERICA,US,XGMX,O,GLOBALCLEAR MERCANTILE EXCHANGE,GMX,GUAYNABO,AUGUST 2014
XGRM,GERMANY,DE,TGAT,S,TRADEGATE EXCHANGE - REGULIERTER MARKT,,BERLIN,MAY 2010
XGSE,GEORGIA,GE,XGSE,O,GEORGIA STOCK EXCHANGE,GSE,TBILISI,JUNE 2005
XGSX,UNITED KINGDOM,GB,GMEG,S,GLOBAL SECURITIES EXCHANGE,GSX,LONDON,JUNE 2013
XGTG,GUATEMALA,GT,XGTG,O,BOLSA DE VALORES NACIONAL SA,,GUATEMALA,JUNE 2005
XGUA,ECUADOR,EC,XGUA,O,BOLSA DE VALORES DE GUAYAQUIL,,GUAYAQUIL,JUNE 2011
XHAM,GERMANY,DE,XHAM,O,HANSEATISCHE WERTPAPIERBOERSE HAMBURG,,HAMBURG,JUNE 2005
XHAN,GERMANY,DE,XHAN,O,NIEDERSAECHSISCHE BOERSE ZU HANNOVER,,HANNOVER,JUNE 2005
XHEL,FINLAND,FI,XHEL,O,NASDAQ OMX HELSINKI LTD.,,HELSINKI,JANUARY 2011
XHKF,HONG KONG,HK,XHKF,O,HONG KONG FUTURES EXCHANGE LTD.,HKFE,HONG KONG,JUNE 2005
XHKG,HONG KONG,HK,XHKG,O,HONG KONG EXCHANGES AND CLEARING LTD,HKEX,HONG KONG,JUNE 2011
XHNX,VIET NAM,VN,HSTC,S,HANOI STOCK EXCHANGE (UNLISTED PUBLIC COMPANY TRADING PLATFORM),UPCOM,HANOI,JULY 2009
XIBE,AZERBAIJAN,AZ,XIBE,O,BAKU INTERBANK CURRENCY EXCHANGE,,BAKU,JUNE 2005
XICB,SWITZERLAND,CH,XSWX,S,SIX SWISS EXCHANGE - CORPORATE BONDS TRADING PLATFORM,SIX,ZURICH,APRIL 2015
XICE,ICELAND,IS,XICE,O,NASDAQ OMX ICELAND,ICEX,REYKJAVIK,MAY 2010
XICX,CANADA,CA,XICX,O,INSTINET CANADA CROSS,,TORONTO,NOVEMBER 2010
XIDX,INDONESIA,ID,XIDX,O,INDONESIA STOCK EXCHANGE,IDX,JAKARTA,APRIL 2008
XIHK,HONG KONG,HK,XIHK,O,INSTINET PACIFIC LTD,,HONG KONG,FEBRUARY 2009
XIJP,JAPAN,JP,XIJP,O,INSTINET JAPAN,,TOKYO,JANUARY 2009
XIMA,NORWAY,NO,XIMA,O,INTERNATIONAL MARTIME EXCHANGE,IMAREX,OSLO,JUNE 2006
XIMC,INDIA,IN,XIMC,O,MULTI COMMODITY EXCHANGE OF INDIA LTD.,MCX,MUMBAI,APRIL 2006
XIMM,UNITED STATES OF AMERICA,US,XCME,S,INTERNATIONAL MONETARY MARKET,,CHICAGO,JUNE 2005
XINE,CHINA,CN,XSGE,S,SHANGHAI INTERNATIONAL ENERGY EXCHANGE,INE,SHANGHAI,JUNE 2014
XINS,UNITED STATES OF AMERICA,US,XINS,O,INSTINET,,NEW YORK,MARCH 2013
XINV,GERMANY,DE,XINV,O,INVESTRO,,FRANKFURT,OCTOBER 2008
XIOM,UNITED STATES OF AMERICA,US,XCME,S,INDEX AND OPTIONS MARKET,IOM,CHICAGO,JUNE 2005
XIPO,GREECE,GR,ASEX,S,HELEX ELECTRONIC BOOK BUILDING,EBB,ATHENS,JUNE 2014
XIQS,IRAQ,IQ,XIQS,O,IRAQ STOCK EXCHANGE,ISX,BAGHDAD,OCTOBER 2011
XISA,UNITED STATES OF AMERICA,US,XISX,S,"INTERNATIONAL SECURITIES EXCHANGE, LLC -  ALTERNATIVE MARKETS",ISE,NEW YORK,JUNE 2008
XISE,UNITED STATES OF AMERICA,US,XISX,S,"INTERNATIONAL SECURITIES EXCHANGE, LLC - EQUITIES",ISE,NEW YORK,JUNE 2008
XISL,PAKISTAN,PK,XISL,O,ISLAMABAD STOCK EXCHANGE,ISE,ISLAMABAD,JUNE 2005
XIST,TURKEY,TR,XIST,O,BORSA ISTANBUL,,ISTANBUL,MAY 2013
XISX,UNITED STATES OF AMERICA,US,XISX,O,"INTERNATIONAL SECURITIES EXCHANGE, LLC",ISE,NEW YORK,OCTOBER 2014
XJAM,JAMAICA,JM,XJAM,O,JAMAICA STOCK EXCHANGE,,KINGSTON,JUNE 2005
XJAS,JAPAN,JP,XJPX,S,TOKYO STOCK EXCHANGE JASDAQ,JASDAQ,TOKYO,SEPTEMBER 2013
XJNB,INDONESIA,ID,XJNB,O,JAKARTA NEGOTIATED BOARD,,JAKARTA,JUNE 2005
XJPX,JAPAN,JP,XJPX,O,JAPAN EXCHANGE GROUP,JPX,TOKYO,MARCH 2013
XJSE,SOUTH AFRICA,ZA,XJSE,O,JOHANNESBURG STOCK EXCHANGE,JSE,JOHANNESBURG,MARCH 2011
XKAC,JAPAN,JP,XKAC,O,KANSAI COMMODITIES EXCHANGE,KANEX,OSAKA,JUNE 2005
XKAR,PAKISTAN,PK,XKAR,O,KARACHI STOCK EXCHANGE (GUARANTEE) LIMITED,KSE,KARACHI,JUNE 2005
XKAZ,KAZAKHSTAN,KZ,XKAZ,O,KAZAKHSTAN STOCK EXCHANGE,KAZE,ALMA-ATA,JUNE 2005
XKBT,UNITED STATES OF AMERICA,US,XCBT,S,KANSAS CITY BOARD OF TRADE,KCBT,KANSAS CITY,JANUARY 2014
XKCE,UZBEKISTAN,UZ,XKCE,O,KHOREZM INTERREGION COMMODITY EXCHANGE,,TASHKENT,JUNE 2005
XKFB,"KOREA, REPUBLIC OF",KR,XKFB,O,KOREA FREEBOARD MARKET,,SEOUL,AUGUST 2010
XKFE,"KOREA, REPUBLIC OF",KR,XKRX,S,KOREA EXCHANGE (FUTURES MARKET),KRX FM,SEOUL,SEPTEMBER 2013
XKHA,SUDAN,SD,XKHA,O,KHARTOUM STOCK EXCHANGE,KSE,KHARTOUM,JUNE 2005
XKHR,UKRAINE,UA,XKHR,O,KHARKOV COMMODITY EXCHANGE,,KHARKOV,JUNE 2005
XKIE,UKRAINE,UA,XKIE,O,KIEV UNIVERSAL EXCHANGE,,KIEV,JUNE 2005
XKIS,UKRAINE,UA,XKIS,O,KIEV INTERNATIONAL STOCK EXCHANGE,KISE,KIEV,JUNE 2006
XKLS,MALAYSIA,MY,XKLS,O,BURSA MALAYSIA,,KUALA LUMPUR,JUNE 2005
XKON,"KOREA, REPUBLIC OF",KR,XKON,O,KOREA NEW EXCHANGE,KONEX,SEOUL,JUNE 2013
XKOS,"KOREA, REPUBLIC OF",KR,XKRX,S,KOREA EXCHANGE (KOSDAQ),KOSDAQ,SEOUL,SEPTEMBER 2013
XKRX,"KOREA, REPUBLIC OF",KR,XKRX,O,KOREA EXCHANGE (STOCK MARKET),KRX SM,SEOUL,SEPTEMBER 2013
XKSE,KYRGYZSTAN,KG,XKSE,O,KYRGYZ STOCK EXCHANGE,KSE,BISHKEK,MARCH  2007
XKUW,KUWAIT,KW,XKUW,O,KUWAIT STOCK EXCHANGE,,KUWAIT,MARCH  2007
XLAH,PAKISTAN,PK,XLAH,O,LAHORE STOCK EXCHANGE,LSE,LAHORE,JUNE 2005
XLAO,LAOS,LA,XLAO,O,LAO SECURITIES EXCHANGE,LSX,LAO,FEBRUARY 2011
XLAT,SPAIN,ES,BMEX,S,LATIBEX,,MADRID,JUNE 2005
XLBM,UNITED KINGDOM,GB,XLBM,O,LONDON BULLION MARKET,,LONDON,JUNE 2005
XLCH,UNITED KINGDOM,GB,XLCH,O,LCH.CLEARNET LTD,,LONDON,DECEMBER 2013
XLDN,UNITED KINGDOM,GB,XLDN,O,EURONEXT - EURONEXT LONDON,,LONDON,MAY 2015
XLDX,UNITED KINGDOM,GB,GMEG,S,LONDON DERIVATIVES EXCHANGE,LDX,LONDON,JUNE 2013
XLFX,MALAYSIA,MY,XLFX,O,LABUAN INTERNATIONAL FINANCIAL EXCHANGE,LFX,LABUAN,JUNE 2005
XLIM,PERU,PE,XLIM,O,BOLSA DE VALORES DE LIMA,BVL,LIMA,JUNE 2005
XLIS,PORTUGAL,PT,XLIS,O,EURONEXT - EURONEXT LISBON,,LISBOA,APRIL 2015
XLIT,LITHUANIA,LT,XLIT,O,NASDAQ VILNIUS,,VILNIUS,FEBRUARY 2015
XLJU,SLOVENIA,SI,XLJU,O,LJUBLJANA STOCK EXCHANGE (OFFICIAL MARKET),,LJUBLJANA,JUNE 2005
XLME,UNITED KINGDOM,GB,XLME,O,LONDON METAL EXCHANGE,LME,LONDON,JUNE 2005
XLOD,UNITED KINGDOM,GB,XLON,S,LONDON STOCK EXCHANGE - DERIVATIVES MARKET,LSE,LONDON,JULY 2013
XLON,UNITED KINGDOM,GB,XLON,O,LONDON STOCK EXCHANGE,LSE,LONDON,JUNE 2005
XLSM,LIBYAN ARAB JAMAHIRIYA,LY,XLSM,O,LIBYAN STOCK MARKET,,TRIPOLI,MAY 2009
XLUS,ZAMBIA,ZM,XLUS,O,LUSAKA STOCK EXCHANGE,,LUSAKA,JUNE 2005
XLUX,LUXEMBOURG,LU,XLUX,O,LUXEMBOURG STOCK EXCHANGE,,LUXEMBOURG,JUNE 2005
XMAB,ARGENTINA,AR,XMAB,O,MERCADO ABIERTO ELECTRONICO S.A.,MAE,BUENOS AIRES,JUNE 2005
XMAD,SPAIN,ES,BMEX,S,BOLSA DE MADRID,,MADRID,JUNE 2005
XMAE,MACEDONIA,MK,XMAE,O,MACEDONIAN STOCK EXCHANGE,,SKOPJE,JUNE 2005
XMAI,THAILAND,TH,XBKK,S,MARKET FOR ALTERNATIVE INVESTMENT,,BANGKOK,APRIL 2011
XMAL,MALTA,MT,XMAL,O,MALTA STOCK EXCHANGE,,VALLETTA,JUNE 2005
XMAN,NICARAGUA,NI,XMAN,O,BOLSA DE VALORES DE NICARAGUA,,MANAGUA,JUNE 2005
XMAT,FRANCE,FR,XPAR,S,EURONEXT PARIS MATIF,,PARIS,APRIL 2015
XMAU,MAURITIUS,MU,XMAU,O,STOCK EXCHANGE OF MAURITIUS LTD,,PORT LOUIS,JUNE 2005
XMCE,SPAIN,ES,BMEX,S,MERCADO CONTINUO ESPANOL - CONTINUOUS MARKET,SIBE,MADRID,NOVEMBER 2007
XMDG,MADAGASCAR,MG,XMDG,O,MARCHE INTERBANCAIRE DES DEVISES M.I.D.,,ANTANANARIVO,JUNE 2005
XMDS,INDIA,IN,XMDS,O,MADRAS STOCK EXCHANGE,,MADRAS,JUNE 2005
XMER,UNITED STATES OF AMERICA,US,XMER,O,MERCHANTS' EXCHANGE,ME,CHICAGO,JUNE 2005
XMEV,ARGENTINA,AR,XBUE,S,MERCADO DE VALORES DE BUENOS AIRES S.A.,MERVAL,BUENOS AIRES,JUNE 2005
XMEX,MEXICO,MX,XMEX,O,BOLSA MEXICANA DE VALORES (MEXICAN STOCK EXCHANGE),,MEXICO,JUNE 2005
XMGE,UNITED STATES OF AMERICA,US,XMGE,O,MINNEAPOLIS GRAIN EXCHANGE,MGE,MINNEAPOLIS,SEPTEMBER 2013
XMIL,ITALY,IT,XMIL,O,BORSA ITALIANA S.P.A.,,MILANO,SEPTEMBER 2012
XMIO,UNITED STATES OF AMERICA,US,XMIO,O,MIAMI INTERNATIONAL SECURITIES EXCHANGE - OPTIONS,,PRINCETON,NOVEMBER 2011
XMLI,FRANCE,FR,XPAR,S,EURONEXT - MARCHE LIBRE PARIS,,PARIS,APRIL 2015
XMNT,URUGUAY,UY,XMNT,O,BOLSA DE VALORES DE MONTEVIDEO,BVMT,MONTEVIDEO,JUNE 2005
XMNX,"MONTENEGRO, REPUBLIC OF",ME,XMNX,O,MONTENEGRO STOCK EXCHANGE,,MONTENEGRO,DECEMBER 2006
XMOC,CANADA,CA,XMOC,O,MONTREAL CLIMATE EXCHANGE,,MONTREAL,JULY 2008
XMOD,CANADA,CA,XMOD,O,THE MONTREAL EXCHANGE / BOURSE DE MONTREAL,CDE,MONTREAL,JUNE 2005
XMOL,"MOLDOVA, REPUBLIC OF",MD,XMOL,O,MOLDOVA STOCK EXCHANGE,,CHISINAU,JUNE 2005
XMON,FRANCE,FR,XPAR,S,EURONEXT PARIS MONEP,,PARIS,APRIL 2015
XMOS,RUSSIA,RU,XMOS,O,MOSCOW STOCK EXCHANGE,MSE,MOSCOW,NOVEMBER 2007
XMOT,ITALY,IT,XMIL,S,EXTRAMOT,,MILANO,JULY 2009
XMPW,SPAIN,ES,BMEX,S,MEFF POWER DERIVATIVES,MEPD,MADRID,JUNE 2014
XMRV,SPAIN,ES,BMEX,S,MEFF FINANCIAL DERIVATIVES,MEFF,MADRID,JUNE 2014
XMSM,IRELAND,IE,XDUB,S,DUBLIN - IRISH STOCK EXCHANGE - MAIN SECURITIES MARKET (MSM)- ISE XETRA,ISE,DUBLIN,APRIL 2013
XMSW,MALAWI,MW,XMSW,O,MALAWI STOCK EXCHANGE,,BLANTYRE,JUNE 2005
XMTB,ARGENTINA,AR,XMTB,O,MERCADO A TERMINO DE BUENOS AIRES S.A.,MATBA,BUENOS AIRES,JUNE 2005
XMTS,UNITED KINGDOM,GB,XMTS,O,MTS MARKETS,,LONDON,MARCH 2013
XMUN,GERMANY,DE,XMUN,O,BOERSE MUENCHEN,,MUENCHEN,SEPTEMBER 2007
XMUS,OMAN,OM,XMUS,O,MUSCAT SECURITIES MARKET,MSM,MUSCAT,JUNE 2005
XMVL,ARGENTINA,AR,BCFS,S,MERCADO DE VALORES DEL LITORAL S.A.,,SANTA FE,JANUARY 2011
XNAF,SPAIN,ES,XNAF,O,SISTEMA ESPANOL DE NEGOCIACION DE ACTIVOS FINANCIEROS,SENAF,MADRID,JUNE 2007
XNAI,KENYA,KE,XNAI,O,NAIROBI STOCK EXCHANGE,,NAIROBI,JUNE 2005
XNAM,NAMIBIA,NA,XNAM,O,NAMIBIAN STOCK EXCHANGE,,WINDHOEK,JUNE 2005
XNAS,UNITED STATES OF AMERICA,US,XNAS,O,NASDAQ - ALL MARKETS,NASDAQ,NEW YORK,JUNE 2005
XNCD,INDIA,IN,XNCD,O,NATIONAL COMMODITY & DERIVATIVES EXCHANGE LTD,NCDEX,MUMBAI,APRIL 2006
XNCM,UNITED STATES OF AMERICA,US,XNAS,S,NASDAQ CAPITAL MARKET,,NEW YORK,FEBRUARY 2008
XNCO,POLAND,PL,XWAR,S,WARSAW STOCK EXCHANGE/ EQUITIES/NEW CONNECT-MTF,,WARSAW,AUGUST 2013
XNDQ,UNITED STATES OF AMERICA,US,XNAS,S,NASDAQ OPTIONS MARKET,,NEW YORK,MAY 2007
XNDX,SWEDEN,SE,XNGM,S,NORDIC DERIVATIVES EXCHANGE,NDX,STOCKHOLM,MARCH 2008
XNEC,AUSTRALIA,AU,XNEC,O,NATIONAL STOCK EXCHANGE OF AUSTRALIA LIMITED,NSXA,NEWCASTLE,JUNE 2007
XNEP,NEPAL,NP,XNEP,O,NEPAL STOCK EXCHANGE,,KATHMANDU,JUNE 2005
XNEW,GERMANY,DE,XFRA,S,NEWEX,NEWEX,FRANKFURT,SEPTEMBER 2006
XNGM,SWEDEN,SE,XNGM,O,NORDIC GROWTH MARKET,NGM,STOCKHOLM,APRIL 2012
XNGO,JAPAN,JP,XNGO,O,NAGOYA STOCK EXCHANGE,NSE,NAGOYA,JUNE 2005
XNGS,UNITED STATES OF AMERICA,US,XNAS,S,NASDAQ/NGS (GLOBAL SELECT MARKET),NGS,NEW YORK,JULY 2006
XNIM,UNITED STATES OF AMERICA,US,XNAS,S,NASDAQ INTERMARKET,,NEW YORK,FEBRUARY 2008
XNKS,JAPAN,JP,XNKS,O,CENTRAL JAPAN COMMODITIES EXCHANGE,C-COM,NAGOYA,JUNE 2005
XNLI,UNITED STATES OF AMERICA,US,XNYS,S,NYSE LIFFE,,NEW YORK,SEPTEMBER 2008
XNLX,UNITED KINGDOM,GB,NURO,S,NASDAQ OMX NLX,NLX,LONDON,NOVEMBER 2012
XNMR,SWEDEN,SE,XNGM,S,NORDIC MTF REPORTING,,STOCKHOLM,APRIL 2008
XNMS,UNITED STATES OF AMERICA,US,XNAS,S,NASDAQ/NMS (GLOBAL MARKET),,NEW YORK,JUNE 2005
XNSA,NIGERIA,NG,XNSA,O,THE NIGERIAN STOCK EXCHANGE,NSE,LAGOS,FEBRUARY 2015
XNSE,INDIA,IN,XNSE,O,NATIONAL STOCK EXCHANGE OF INDIA,NSE,MUMBAI,JUNE 2005
XNYE,UNITED STATES OF AMERICA,US,XNYM,S,NEW YORK MERCANTILE EXCHANGE - OTC MARKETS,NYMEX ECM,NEW YORK,MAY 2008
XNYL,UNITED STATES OF AMERICA,US,XNYM,S,NEW YORK MERCANTILE EXCHANGE - ENERGY MARKETS,NYMEX MTF LIMITED,NEW YORK,MAY 2008
XNYM,UNITED STATES OF AMERICA,US,XNYM,O,NEW YORK MERCANTILE EXCHANGE,NYMEX,NEW YORK,JUNE 2005
XNYS,UNITED STATES OF AMERICA,US,XNYS,O,"NEW YORK STOCK EXCHANGE, INC.",NYSE,NEW YORK,BEFORE JUNE 2005
XNZE,NEW ZEALAND,NZ,XNZE,O,NEW ZEALAND EXCHANGE LTD,NZX,WELLINGTON,JUNE 2005
XOAD,NORWAY,NO,XOSL,S,OSLO AXESS NORTH SEA - DARK POOL,,OSLO,APRIL 2015
XOAM,NORWAY,NO,XOSL,S,NORDIC ALTERNATIVE BOND MARKET,ABM,OSLO,DECEMBER 2014
XOAS,NORWAY,NO,XOSL,S,OSLO AXESS,,OSLO,JUNE 2013
XOCH,UNITED STATES OF AMERICA,US,XOCH,O,"ONECHICAGO, LLC",,CHICAGO,JUNE 2005
XODE,UKRAINE,UA,XODE,O,ODESSA COMMODITY EXCHANGE,,ODESSA,JUNE 2005
XOPV,SWEDEN,SE,XSTO,S,OTC PUBLICATION VENUE,,STOCKHOLM,DECEMBER 2014
XOSC,NORWAY,NO,XOSL,S,OSLO CONNECT,,OSLO,MAY 2013
XOSD,NORWAY,NO,XOSL,S,OSLO BORS NORTH SEA - DARK POOL,,OSLO,APRIL 2015
XOSE,JAPAN,JP,XJPX,S,OSAKA EXCHANGE,OSE,OSAKA,MARCH 2014
XOSJ,JAPAN,JP,XJPX,S,OSAKA EXCHANGE J-NET,J-NET,OSAKA,MARCH 2014
XOSL,NORWAY,NO,XOSL,O,OSLO BORS ASA,,OSLO,JUNE 2005
XOTC,UNITED STATES OF AMERICA,US,XOTC,O,OTCBB,OTCBB,WASHINGTON,OCTOBER 2012
XPAE,"PALESTINIAN TERRITORY, OCCUPIED",PS,XPAE,O,PALESTINE SECURITIES EXCHANGE,PSE,NABLUS,NOVEMBER 2013
XPAR,FRANCE,FR,XPAR,O,EURONEXT - EURONEXT PARIS,,PARIS,APRIL 2015
XPBT,UNITED STATES OF AMERICA,US,XNAS,S,NASDAQ OMX FUTURES EXCHANGE,NFX,PHILADELPHIA,MARCH 2009
XPET,RUSSIA,RU,XPET,O,SAINT PETERSBURG EXCHANGE,SPEX,SAINT-PETERSBURG,MAY 2010
XPHL,UNITED STATES OF AMERICA,US,XNAS,S,NASDAQ OMX PHLX,PHLX,PHILADELPHIA,FEBRUARY 2009
XPHO,UNITED STATES OF AMERICA,US,XNAS,S,PHILADELPHIA OPTIONS EXCHANGE,,PHILADELPHIA,JUNE 2005
XPHS,PHILIPPINES,PH,XPHS,O,"PHILIPPINE STOCK EXCHANGE, INC.",PSE,PASIG CITY,JUNE 2005
XPHX,UNITED KINGDOM,GB,PEEL,S,PEEL HUNT CROSSING,,LONDON,FEBRUARY 2014
XPIC,RUSSIA,RU,XPIC,O,SAINT-PETERSBURG CURRENCY EXCHANGE,SPCEX,SAINT-PETERSBURG,JUNE 2005
XPMS,TURKEY,TR,XIST,S,BORSA ISTANBUL - PRECIOUS METALS AND DIAMONDS MARKETS,,ISTANBUL,JANUARY 2014
XPOM,PAPUA NEW GUINEA,PG,XPOM,O,PORT MORESBY STOCK EXCHANGE,,PORT MORESBY,JUNE 2005
XPOR,UNITED STATES OF AMERICA,US,XNAS,S,PORTAL,,WASHINGTON,OCTOBER 2007
XPOS,IRELAND,IE,ITGI,S,POSIT,POSIT,DUBLIN,JULY 2007
XPOW,FRANCE,FR,XPOW,O,POWERNEXT,,PARIS,JUNE 2005
XPRA,CZECH REPUBLIC,CZ,XPRA,O,PRAGUE STOCK EXCHANGE,PSE,PRAGUE,MAY 2010
XPRI,UKRAINE,UA,XPRI,O,PRIDNEPROVSK COMMODITY EXCHANGE,,DNIPROPETROVSK,MAY 2010
XPST,HONG KONG,HK,XPST,O,POSIT - ASIA PACIFIC,,HONG KONG,MARCH 2011
XPSX,UNITED STATES OF AMERICA,US,XNAS,S,NASDAQ OMX PSX,PSX,NEW YORK,MARCH 2013
XPTY,PANAMA,PA,XPTY,O,"BOLSA DE VALORES DE PANAMA, S.A.",BVP,PANAMA,JUNE 2005
XPXE,CZECH REPUBLIC,CZ,XPXE,O,POWER EXCHANGE CENTRAL EUROPE,PXE,PRAGUE,MAY 2010
XQMH,SWITZERLAND,CH,XSWX,S,SIX STRUCTURED PRODUCTS EXCHANGE,SIX,ZURICH,APRIL 2015
XQTX,GERMANY,DE,XDUS,S,BOERSE DUESSELDORF - QUOTRIX,,DUESSELDORF,SEPTEMBER 2013
XQUI,ECUADOR,EC,XQUI,O,BOLSA DE VALORES DE QUITO,,QUITO,JUNE 2011
XRAS,ROMANIA,RO,XBSE,S,RASDAQ,RASDAQ,BUCHAREST,JUNE 2005
XRBM,MALAYSIA,MY,XRBM,O,RINGGIT BOND MARKET,RBM,KUALA LUMPUR,MAY 2010
XRIS,LATVIA,LV,XRIS,O,NASDAQ RIGA,,RIGA,FEBRUARY 2015
XRMO,CZECH REPUBLIC,CZ,XRMZ,S,RM-SYSTEM CZECH STOCK EXCHANGE (MTF),RMS CZ,PRAGUE,MAY 2010
XRMZ,CZECH REPUBLIC,CZ,XRMZ,O,RM-SYSTEM CZECH STOCK EXCHANGE,RMS CZ,PRAGUE,MAY 2010
XROS,ARGENTINA,AR,XROS,O,BOLSA DE COMERCIO ROSARIO,BCR,ROSARIO,JUNE 2005
XROX,ARGENTINA,AR,XROS,S,MERCADO DE VALORES DE ROSARIO S.A.,MERVAROS,ROSARIO,JANUARY 2011
XRPM,ROMANIA,RO,XRPM,O,ROMANIAN POWER MARKET,,BUCHAREST,APRIL 2009
XRSP,UNITED KINGDOM,GB,PEEL,S,PEEL HUNT RETAIL,,LONDON,FEBRUARY 2014
XRUS,RUSSIA,RU,XRUS,O,INTERNET DIRECT-ACCESS EXCHANGE,INDX,MOSCOW,SEPTEMBER 2007
XSAF,SOUTH AFRICA,ZA,XJSE,S,JSE EQUITY DERIVATIVES MARKET,SAFEX,JOHANNESBURG,APRIL 2015
XSAM,RUSSIA,RU,XSAM,O,SAMARA CURRENCY INTERBANK EXCHANGE,SCIEX,SAMARA,JUNE 2005
XSAP,JAPAN,JP,XSAP,O,SAPPORO SECURITIES EXCHANGE,,SAPPORO,JUNE 2005
XSAT,SWEDEN,SE,XSAT,O,AKTIETORGET,,STOCKHOLM,JUNE 2007
XSAU,SAUDI ARABIA,SA,XSAU,O,SAUDI STOCK EXCHANGE,,RIYADH,JUNE 2005
XSBI,JAPAN,JP,SBIJ,S,SBI JAPANNEXT - X - MARKET,,TOKYO,JUNE 2012
XSC1,GERMANY,DE,XSCO,S,BOERSE FRANKFURT WARRANTS TECHNICAL 1,,FRANKFURT,DECEMBER 2013
XSC2,GERMANY,DE,XSCO,S,BOERSE FRANKFURT WARRANTS TECHNICAL 2,,FRANKFURT,DECEMBER 2013
XSC3,GERMANY,DE,XSCO,S,BOERSE FRANKFURT WARRANTS TECHNICAL 3,,FRANKFURT,DECEMBER 2013
XSCA,SINGAPORE,SG,XSES,S,SINGAPORE CATALIST MARKET,,SINGAPORE,SEPTEMBER 2008
XSCE,SINGAPORE,SG,XSES,S,SINGAPORE COMMODITY EXCHANGE,SICOM,SINGAPORE,OCTOBER 2013
XSCO,GERMANY,DE,XSCO,O,BOERSE FRANKFURT WARRANTS TECHNICAL,,FRANKFURT,DECEMBER 2013
XSCU,SWITZERLAND,CH,STOX,S,STOXX LIMITED - CUSTOMIZED INDICES,,ZURICH,MARCH 2011
XSEC,CHINA,CN,XSHE,S,SHENZHEN STOCK EXCHANGE - SHENZHEN - HONG KONG STOCK CONNECT,,SHENZHEN,MAY 2015
XSEF,UNITED STATES OF AMERICA,US,XSEF,O,"SWAPEX, LLC",SWAPEX,NEW YORK,JULY 2014
XSES,SINGAPORE,SG,XSES,O,SINGAPORE EXCHANGE,SGX,SINGAPORE,JUNE 2005
XSFA,SOUTH AFRICA,ZA,XJSE,S,JSE COMMODITY DERIVATIVES MARKET,SAFEX,JOHANNESBURG,APRIL 2015
XSFE,AUSTRALIA,AU,XASX,S,ASX - TRADE24,SFE,SYDNEY,MAY 2012
XSGA,UNITED KINGDOM,GB,XSGA,O,ALPHA Y,,LONDON,SEPTEMBER 2012
XSGE,CHINA,CN,XSGE,O,SHANGHAI FUTURES EXCHANGE,SHFE,SHANGHAI,JUNE 2005
XSGO,CHILE,CL,XSGO,O,SANTIAGO STOCK EXCHANGE,,SANTIAGO,JUNE 2005
XSHE,CHINA,CN,XSHE,O,SHENZHEN STOCK EXCHANGE,,SHENZHEN,JUNE 2005
XSHG,CHINA,CN,XSHG,O,SHANGHAI STOCK EXCHANGE,SSE,SHANGHAI,AUGUST 2014
XSIB,RUSSIA,RU,XSIB,O,SIBERIAN EXCHANGE,SIMEX,NOVOSIBIRSK,MAY 2010
XSIM,SINGAPORE,SG,XSES,S,SINGAPORE EXCHANGE DERIVATIVES CLEARING LIMITED,SGX-DT,SINGAPORE,JUNE 2005
XSMP,UNITED KINGDOM,GB,XSMP,O,SMARTPOOL,,LONDON,MAY 2015
XSOP,SLOVENIA,SI,XSOP,O,BSP REGIONAL ENERGY EXCHANGE - SOUTH POOL,,LJUBLJANA,APRIL 2009
XSPS,FIJI,FJ,XSPS,O,SOUTH PACIFIC STOCK EXCHANGE,SPSE,SUVA,JUNE 2005
XSRM,SPAIN,ES,XSRM,O,"MERCADO DE FUTUROS DE ACEITE DE OLIVA, S.A.",MFAO,JAEN,JUNE 2005
XSSC,CHINA,CN,XSHG,S,SHANGHAI STOCK EXCHANGE - SHANGHAI - HONG KONG STOCK CONNECT,SSE,SHANGHAI,AUGUST 2014
XSSE,BOSNIA AND HERZEGOVINA,BA,XSSE,O,SARAJEVO STOCK EXCHANGE,SASE,SARAJEVO,JUNE 2007
XSTC,VIET NAM,VN,XSTC,O,HOCHIMINH STOCK EXCHANGE,HOSE,HO CHI MINH CITY,DECEMBER 2009
XSTE,UZBEKISTAN,UZ,XSTE,O,REPUBLICAN STOCK EXCHANGE,UZSE,TASHKENT,SEPTEMBER 2007
XSTM,UNITED STATES OF AMERICA,US,NFSC,S,FIDELITY CROSSSTREAM ATS,,BOSTON,NOVEMBER 2014
XSTO,SWEDEN,SE,XSTO,O,NASDAQ NORDIC,,STOCKHOLM,DECEMBER 2014
XSTU,GERMANY,DE,XSTU,O,BOERSE STUTTGART,,STUTTGART,SEPTEMBER 2007
XSTV,SWITZERLAND,CH,STOX,S,STOXX LIMITED - VOLATILITY INDICES,,ZURICH,MARCH 2011
XSTX,SWITZERLAND,CH,STOX,S,STOXX LIMITED - INDICES,,ZURICH,MARCH 2011
XSVA,EL SALVADOR,SV,XSVA,O,EL SALVADOR STOCK EXCHANGE,,EL SALVADOR,JUNE 2005
XSWA,SWAZILAND,SZ,XSWA,O,SWAZILAND STOCK EXCHANGE,SSX,MBABANE,JUNE 2005
XSWB,UNITED KINGDOM,GB,XSWB,O,SWX SWISS BLOCK,,LONDON,SEPTEMBER 2008
XSWX,SWITZERLAND,CH,XSWX,O,SIX SWISS EXCHANGE,SIX,ZURICH,APRIL 2015
XTAE,ISRAEL,IL,XTAE,O,TEL AVIV STOCK EXCHANGE,TASE,TEL AVIV,JUNE 2005
XTAF,TAIWAN,TW,XTAF,O,TAIWAN FUTURES EXCHANGE,TAIFEX,TAIPEI,JUNE 2005
XTAI,TAIWAN,TW,XTAI,O,TAIWAN STOCK EXCHANGE,TWSE,TAIPEI,JUNE 2005
XTAL,ESTONIA,EE,XTAL,O,NASDAQ TALLINN,,TALLINN,FEBRUARY 2015
XTAM,JAPAN,JP,XJPX,S,TOKYO STOCK EXCHANGE-TOKYO PRO MARKET,,TOKYO,JULY 2013
XTEH,IRAN,IR,XTEH,O,TEHRAN STOCK EXCHANGE,TSE,TEHRAN,NOVEMBER 2007
XTFF,JAPAN,JP,XTFF,O,TOKYO FINANCIAL  EXCHANGE,TFX,TOKYO,SEPTEMBER 2007
XTIR,ALBANIA,AL,XTIR,O,TIRANA STOCK EXCHANGE,,TIRANA,JUNE 2005
XTK1,JAPAN,JP,XJPX,S,TOKYO STOCK EXCHANGE - TOSTNET-1,,TOKYO,JANUARY 2006
XTK2,JAPAN,JP,XJPX,S,TOKYO STOCK EXCHANGE - TOSTNET-2,,TOKYO,JANUARY 2006
XTK3,JAPAN,JP,XJPX,S,TOKYO STOCK EXCHANGE - TOSTNET-3,,TOKYO,JULY 2011
XTKS,JAPAN,JP,XJPX,S,TOKYO STOCK EXCHANGE,TSE,TOKYO,JUNE 2005
XTKT,JAPAN,JP,XTKT,O,TOKYO COMMODITY EXCHANGE,TOCOM,TOKYO,MAY 2010
XTNX,CANADA,CA,XTSX,S,TSX VENTURE EXCHANGE - NEX,NEX,VANCOUVER,JUNE 2005
XTPE,UNITED KINGDOM,GB,XTUP,S,TULLETT PREBON PLC - TP ENERGYTRADE,,LONDON,APRIL 2012
XTRN,TRINIDAD AND TOBAGO,TT,XTRN,O,TRINIDAD AND TOBAGO STOCK EXCHANGE,TTSE,PORT OF SPAIN,JUNE 2005
XTRZ,CROATIA,HR,XTRZ,O,ZAGREB MONEY AND SHORT TERM SECURITIES MARKET INC,,ZAGREB,APRIL 2007
XTSE,CANADA,CA,XTSE,O,TORONTO STOCK EXCHANGE,TSX,TORONTO,JUNE 2005
XTSX,CANADA,CA,XTSX,O,TSX VENTURE EXCHANGE,TSX-V,TORONTO,JUNE 2005
XTUC,ARGENTINA,AR,XROS,S,NUEVA BOLSA DE COMERCIO DE TUCUMAN S.A.,NBCT,TUCUMAN,NOVEMBER 2007
XTUN,TUNISIA,TN,XTUN,O,BOURSE DE TUNIS,BVMT,TUNIS,SEPTEMBER 2007
XTUP,UNITED KINGDOM,GB,XTUP,O,TULLETT PREBON PLC,,LONDON,AUGUST 2012
XUAX,UKRAINE,UA,XUAX,O,UKRAINIAN STOCK EXCHANGE,UKRSE,KIEV,FEBRUARY 2006
XUBS,UNITED KINGDOM,GB,XUBS,O,UBS MTF,,LONDON,DECEMBER 2014
XUGA,UGANDA,UG,XUGA,O,UGANDA SECURITIES EXCHANGE,USE,KAMPALA,JUNE 2005
XUKR,UKRAINE,UA,XUKR,O,UKRAINIAN UNIVERSAL COMMODITY EXCHANGE,,KIEV,JUNE 2005
XULA,MONGOLIA,MN,XULA,O,MONGOLIAN STOCK EXCHANGE,,ULAAN BAATAR,JUNE 2005
XUNI,UZBEKISTAN,UZ,XUNI,O,UNIVERSAL BROKER'S EXCHANGE 'TASHKENT',,TASHKENT,JUNE 2005
XUSE,INDIA,IN,XUSE,O,UNITED STOCK EXCHANGE,,MUMBAI,OCTOBER 2010
XVAL,SPAIN,ES,BMEX,S,BOLSA DE VALENCIA,,VALENCIA,JUNE 2005
XVES,LUXEMBOURG,LU,XVES,O,VESTIMA,,LUXEMBOURG,DECEMBER 2014
XVIE,AUSTRIA,AT,XWBO,S,"WIENER BOERSE AG, WERTPAPIERBOERSE (SECURITIES EXCHANGE)",,VIENNA,APRIL 2011
XVPA,PARAGUAY,PY,XVPA,O,BOLSA DE VALORES Y PRODUCTOS DE ASUNCION SA,BVPASA,ASUNCION,JUNE 2005
XVTX,SWITZERLAND,CH,XSWX,S,SIX SWISS EXCHANGE - BLUE CHIPS SEGMENT,SIX,ZURICH,APRIL 2015
XWAR,POLAND,PL,XWAR,O,WARSAW STOCK EXCHANGE/EQUITIES/MAIN MARKET,WSE,WARSAW,AUGUST 2013
XWBO,AUSTRIA,AT,XWBO,O,WIENER BOERSE AG,,VIENNA,NOVEMBER 2008
XWEE,UNITED STATES OF AMERICA,US,XWEE,O,WEEDEN ATS,,GREENWICH,APRIL 2009
XXSC,GERMANY,DE,XXSC,O,FRANKFURT CEF SC,,FRANKFURT,OCTOBER 2011
XXXX,ZZ,ZZ,XXXX,O,NO MARKET (E.G. UNLISTED),,,OCTOBER 2005
XYIE,AUSTRALIA,AU,XYIE,O,YIELDBROKER PTY LTD,,SYDNEY,JUNE 2005
XZAG,CROATIA,HR,XZAG,O,ZAGREB STOCK EXCHANGE,,ZAGREB,JUNE 2005
XZAM,CROATIA,HR,XZAG,S,THE ZAGREB STOCK EXCHANGE MTF,,ZAGREB,SEPTEMBER 2009
XZCE,CHINA,CN,XZCE,O,ZHENGZHOU COMMODITY EXCHANGE,ZCE,ZHENGZHOU,JUNE 2005
XZIM,ZIMBABWE,ZW,XZIM,O,ZIMBABWE STOCK EXCHANGE,,HARARE,JUNE 2005
YLDX,SOUTH AFRICA,ZA,XJSE,S,JSE INTEREST RATE DERIVATIVES MARKET,,JOHANNESBURG,APRIL 2015
ZKBX,SWITZERLAND,CH,ZKBX,O,ZURCHER KANTONALBANK SECURITIES EXCHANGE,,ZURICH,JUNE 2011
ZOBX,GERMANY,DE,XBER,S,ZOBEX,ZOBEX,BERLIN,JUNE 2005